-- MySQL dump 10.13  Distrib 5.5.32, for Win32 (x86)
--
-- Host: localhost    Database: axceso-feng_db
-- ------------------------------------------------------
-- Server version	5.5.32

/*!40101 SET @OLD_CHARACTER_SET_CLIENT=@@CHARACTER_SET_CLIENT */;
/*!40101 SET @OLD_CHARACTER_SET_RESULTS=@@CHARACTER_SET_RESULTS */;
/*!40101 SET @OLD_COLLATION_CONNECTION=@@COLLATION_CONNECTION */;
/*!40101 SET NAMES utf8 */;
/*!40103 SET @OLD_TIME_ZONE=@@TIME_ZONE */;
/*!40103 SET TIME_ZONE='+00:00' */;
/*!40014 SET @OLD_UNIQUE_CHECKS=@@UNIQUE_CHECKS, UNIQUE_CHECKS=0 */;
/*!40014 SET @OLD_FOREIGN_KEY_CHECKS=@@FOREIGN_KEY_CHECKS, FOREIGN_KEY_CHECKS=0 */;
/*!40101 SET @OLD_SQL_MODE=@@SQL_MODE, SQL_MODE='NO_AUTO_VALUE_ON_ZERO' */;
/*!40111 SET @OLD_SQL_NOTES=@@SQL_NOTES, SQL_NOTES=0 */;

--
-- Table structure for table `event_log`
--

DROP TABLE IF EXISTS `event_log`;
/*!40101 SET @saved_cs_client     = @@character_set_client */;
/*!40101 SET character_set_client = utf8 */;
CREATE TABLE `event_log` (
  `id` int(10) unsigned NOT NULL AUTO_INCREMENT,
  `event_id` int(10) unsigned NOT NULL,
  `tag` varchar(48) COLLATE utf8_unicode_ci NOT NULL,
  `upc` varchar(48) COLLATE utf8_unicode_ci DEFAULT NULL,
  `antenna_in` varchar(45) COLLATE utf8_unicode_ci NOT NULL,
  `antenna_out` varchar(45) COLLATE utf8_unicode_ci NOT NULL,
  `created_at` timestamp NOT NULL DEFAULT '0000-00-00 00:00:00',
  `updated_at` timestamp NOT NULL DEFAULT '0000-00-00 00:00:00',
  PRIMARY KEY (`id`),
  KEY `event_log_event_id_foreign` (`event_id`),
  KEY `el_upc_index` (`upc`),
  CONSTRAINT `event_log_event_id_foreign` FOREIGN KEY (`event_id`) REFERENCES `journey_events` (`id`)
) ENGINE=InnoDB AUTO_INCREMENT=567 DEFAULT CHARSET=utf8 COLLATE=utf8_unicode_ci;
/*!40101 SET character_set_client = @saved_cs_client */;

--
-- Dumping data for table `event_log`
--

LOCK TABLES `event_log` WRITE;
/*!40000 ALTER TABLE `event_log` DISABLE KEYS */;
INSERT INTO `event_log` VALUES (1,5,'30342848A80AD74000000033',NULL,'1','3','2014-05-11 03:39:28','2014-05-11 03:39:28'),(2,5,'30342848A80AD74000000033',NULL,'3','1','2014-05-11 03:39:47','2014-05-11 03:39:47'),(3,5,'30342848A80AD74000000033',NULL,'1','3','2014-05-11 03:40:18','2014-05-11 03:40:18'),(4,6,'30342848A80B0A8000000011',NULL,'1','2','2014-05-16 00:14:28','2014-05-16 00:14:28'),(5,6,'30342848A80B0A8000000011',NULL,'4','1','2014-05-16 00:14:42','2014-05-16 00:14:42'),(6,6,'30342848A80B0A8000000011',NULL,'1','3','2014-05-16 00:14:56','2014-05-16 00:14:56'),(7,6,'30342848A80B0A8000000011',NULL,'3','1','2014-05-16 00:15:51','2014-05-16 00:15:51'),(8,6,'30342848A80B0A800000000F',NULL,'1','3','2014-05-16 00:16:09','2014-05-16 00:16:09'),(9,6,'E20010625817016511709C51',NULL,'3','1','2014-05-16 00:17:18','2014-05-16 00:17:18'),(10,6,'35E017004E8DA0630000F2AA',NULL,'2','1','2014-05-16 00:18:49','2014-05-16 00:18:49'),(11,6,'E20010268508021420304271',NULL,'3','1','2014-05-16 00:19:46','2014-05-16 00:19:46'),(12,6,'00000000000000050A041687',NULL,'2','4','2014-05-16 00:20:10','2014-05-16 00:20:10'),(13,6,'E20010268508021420304271',NULL,'3','1','2014-05-16 00:21:13','2014-05-16 00:21:13'),(14,6,'E20010268508021420304271',NULL,'3','1','2014-05-16 00:21:58','2014-05-16 00:21:58'),(15,6,'E20010625817016511709C51',NULL,'2','4','2014-05-16 00:22:56','2014-05-16 00:22:56'),(16,7,'30342848A80A5A4000000027',NULL,'1','4','2014-05-18 01:21:01','2014-05-18 01:21:01'),(17,7,'30342848A80A5A4000000027',NULL,'2','1','2014-05-18 01:21:12','2014-05-18 01:21:12'),(18,7,'00000000000000050A041687',NULL,'2','1','2014-05-18 01:40:12','2014-05-18 01:40:12'),(19,7,'00000000000000050A041687',NULL,'2','1','2014-05-18 01:52:01','2014-05-18 01:52:01'),(20,7,'00000000000000050A041687',NULL,'2','1','2014-05-18 01:52:06','2014-05-18 01:52:06'),(21,7,'00000000000000050A041687',NULL,'1','2','2014-05-18 01:52:27','2014-05-18 01:52:27'),(22,7,'00000000000000050A041687',NULL,'2','1','2014-05-18 01:52:37','2014-05-18 01:52:37'),(23,7,'00000000000000050A041687',NULL,'2','1','2014-05-18 01:52:52','2014-05-18 01:52:52'),(24,7,'00000000000000050A041687',NULL,'2','1','2014-05-18 01:54:56','2014-05-18 01:54:56'),(25,7,'30342848A80ABEC000000012','660010110030','1','2','2014-05-18 01:55:16','2014-05-18 01:55:16'),(26,7,'30342848A80ABEC000000012','660010110030','3','1','2014-05-18 01:55:25','2014-05-18 01:55:25'),(27,7,'30342848A80ABEC000000012','660010110030','2','1','2014-05-18 01:56:04','2014-05-18 01:56:04'),(28,7,'30342848A80ABEC000000012','660010110030','1','4','2014-05-18 01:56:32','2014-05-18 01:56:32'),(29,7,'00000000000000050A041687',NULL,'2','4','2014-05-18 01:56:44','2014-05-18 01:56:44'),(30,7,'00000000000000050A041687',NULL,'4','2','2014-05-18 01:58:54','2014-05-18 01:58:54'),(31,7,'30342848A80ABEC000000016','660010110030','3','1','2014-05-18 02:06:57','2014-05-18 02:06:57'),(32,7,'30342848A80ABEC000000024',NULL,'1','4','2014-05-18 02:20:53','2014-05-18 02:20:53'),(33,7,'30342848A80AC0000000001B','660010110085','3','4','2014-05-18 02:20:53','2014-05-18 02:20:53'),(34,7,'30342848A80A738000000003','660010107023','1','4','2014-05-18 02:20:53','2014-05-18 02:20:53'),(35,7,'30342848A80AA60000000064',NULL,'1','2','2014-05-18 02:20:53','2014-05-18 02:20:53'),(36,7,'30342848A80AC040000001C2',NULL,'1','2','2014-05-18 02:20:53','2014-05-18 02:20:53'),(37,7,'30342848A80ABE4000000071',NULL,'1','2','2014-05-18 02:20:53','2014-05-18 02:20:53'),(38,7,'30342848A80AA7C00000004C',NULL,'1','2','2014-05-18 02:20:53','2014-05-18 02:20:53'),(39,7,'30342848A80AA60000000066',NULL,'1','2','2014-05-18 02:20:54','2014-05-18 02:20:54'),(40,7,'30342848A80AC040000001C3',NULL,'3','2','2014-05-18 02:20:54','2014-05-18 02:20:54'),(41,7,'30342848A80AD7400000003B',NULL,'3','2','2014-05-18 02:20:54','2014-05-18 02:20:54'),(42,7,'30342848A80AA7C00000004D',NULL,'1','4','2014-05-18 02:20:54','2014-05-18 02:20:54'),(43,7,'30342848A80AA60000000068',NULL,'3','2','2014-05-18 02:20:54','2014-05-18 02:20:54'),(44,7,'30342848A80AD7400000002F',NULL,'4','2','2014-05-18 02:20:54','2014-05-18 02:20:54'),(45,7,'30342848A80AF08000000002','660010112027','3','4','2014-05-18 02:20:54','2014-05-18 02:20:54'),(46,7,'30342848A80AF08000000003','660010112027','3','4','2014-05-18 02:20:54','2014-05-18 02:20:54'),(47,7,'30342848A80B3B4000000013',NULL,'1','4','2014-05-18 02:20:54','2014-05-18 02:20:54'),(48,7,'30342848A80B0B400000003B',NULL,'3','2','2014-05-18 02:20:54','2014-05-18 02:20:54'),(49,7,'30342848A80AD7400000003A',NULL,'1','2','2014-05-18 02:20:55','2014-05-18 02:20:55'),(50,7,'30342848A80A8C4000000002','660010108013','1','2','2014-05-18 02:20:55','2014-05-18 02:20:55'),(51,7,'30342848A80A8C4000000005','660010108013','1','2','2014-05-18 02:20:55','2014-05-18 02:20:55'),(52,7,'30342848A80A5AC000000003','660010106033','3','2','2014-05-18 02:20:55','2014-05-18 02:20:55'),(53,7,'30342848A80A5AC000000002','660010106033','1','2','2014-05-18 02:20:55','2014-05-18 02:20:55'),(54,7,'30342848A80B3B4000000012',NULL,'3','2','2014-05-18 02:20:55','2014-05-18 02:20:55'),(55,7,'30342848A80B0B4000000039',NULL,'3','2','2014-05-18 02:20:55','2014-05-18 02:20:55'),(56,7,'30342848A80A5A400000000B','660010106019','1','2','2014-05-18 02:20:55','2014-05-18 02:20:55'),(57,7,'30342848A80B0C0000000013',NULL,'3','4','2014-05-18 02:20:55','2014-05-18 02:20:55'),(58,7,'30342848A80ABEC000000019','660010110030','4','2','2014-05-18 02:24:14','2014-05-18 02:24:14'),(59,7,'30342848A80ABEC000000019','660010110030','4','2','2014-05-18 02:25:35','2014-05-18 02:25:35'),(60,7,'30342848A80ABEC000000019','660010110030','2','4','2014-05-18 02:30:12','2014-05-18 02:30:12'),(61,7,'30342848A80ABEC000000016','660010110030','1','3','2014-05-18 02:32:40','2014-05-18 02:32:40'),(62,7,'30342848A80ABEC000000016','660010110030','3','1','2014-05-18 02:32:50','2014-05-18 02:32:50'),(63,7,'30342848A80ABEC000000019','660010110030','2','4','2014-05-18 02:35:38','2014-05-18 02:35:38'),(64,7,'30342848A80ABEC00000001A','660010110030','2','1','2014-05-18 02:41:40','2014-05-18 02:41:40'),(65,7,'30342848A80ABEC000000019','660010110030','4','2','2014-05-18 02:42:27','2014-05-18 02:42:27'),(66,7,'30342848A80ABEC00000001A','660010110030','1','2','2014-05-18 02:46:55','2014-05-18 02:46:55'),(67,7,'30342848A80ABEC00000001A','660010110030','1','2','2014-05-18 02:47:11','2014-05-18 02:47:11'),(68,7,'30342848A80ABEC00000001A','660010110030','2','1','2014-05-18 02:47:16','2014-05-18 02:47:16'),(69,7,'30342848A80ABEC00000001A','660010110030','1','2','2014-05-18 02:47:28','2014-05-18 02:47:28'),(70,7,'30342848A80ABEC00000001A','660010110030','2','1','2014-05-18 02:47:52','2014-05-18 02:47:52'),(71,7,'30342848A80ABEC000000012','660010110030','1','2','2014-05-18 02:48:10','2014-05-18 02:48:10'),(72,7,'30342848A80AF1C00000004C','660010112072','1','2','2014-05-18 03:29:40','2014-05-18 03:29:40'),(73,7,'30342848A80AF0800000002C',NULL,'1','2','2014-05-18 03:52:33','2014-05-18 03:52:33'),(74,7,'30342848A80AA68000000003','660010109065','1','4','2014-05-18 03:52:33','2014-05-18 03:52:33'),(75,7,'30342848A80AA5400000002B',NULL,'1','2','2014-05-18 04:15:41','2014-05-18 04:15:41'),(76,7,'30342848A80AA7C000000053',NULL,'2','3','2014-05-18 04:18:57','2014-05-18 04:18:57'),(77,7,'30342848A80AA7C000000053',NULL,'3','4','2014-05-18 04:19:07','2014-05-18 04:19:07'),(78,7,'30342848A80AF28000000027','660010112102','1','4','2014-05-18 04:21:50','2014-05-18 04:21:50'),(79,7,'30342848A80AF0800000002B',NULL,'1','4','2014-05-18 04:24:15','2014-05-18 04:24:15'),(80,7,'30342848A80AF18000000035','660010112065','1','2','2014-05-18 04:34:45','2014-05-18 04:34:45'),(81,7,'30342848A80B0A800000000C',NULL,'1','3','2014-05-18 04:40:04','2014-05-18 04:40:04'),(82,7,'30342848A80B0A800000000C',NULL,'1','2','2014-05-18 04:40:59','2014-05-18 04:40:59'),(83,7,'30342848A80A73800000000C','660010107023','1','4','2014-05-18 04:41:16','2014-05-18 04:41:16'),(84,7,'30342848A80AF1800000004E','660010112065','1','2','2014-05-18 04:42:55','2014-05-18 04:42:55'),(85,7,'30342848A80B0B0000000009','660010113086','1','2','2014-05-18 04:45:04','2014-05-18 04:45:04'),(86,7,'30342848A80AF1C000000008','660010112072','1','2','2014-05-18 04:45:25','2014-05-18 04:45:25'),(87,7,'30342848A80B0C4000000024',NULL,'1','4','2014-05-18 04:47:39','2014-05-18 04:47:39'),(88,7,'30342848A80ABEC00000001E',NULL,'1','4','2014-05-18 04:52:01','2014-05-18 04:52:01'),(89,7,'30342848A80ABE400000007A',NULL,'1','4','2014-05-18 04:54:02','2014-05-18 04:54:02'),(90,7,'30342848A80AF18000000052','660010112065','1','4','2014-05-18 04:54:02','2014-05-18 04:54:02'),(91,7,'30342848A80ABFC000000025','660010110078','1','4','2014-05-18 04:55:59','2014-05-18 04:55:59'),(92,7,'30342848A80AF18000000052','660010112065','4','2','2014-05-18 04:57:11','2014-05-18 04:57:11'),(93,7,'30342848A80AF18000000008','660010112065','1','3','2014-05-18 04:58:26','2014-05-18 04:58:26'),(94,7,'30342848A80AF18000000008','660010112065','3','4','2014-05-18 04:58:41','2014-05-18 04:58:41'),(95,7,'30342848A80AA64000000040','660010109058','1','3','2014-05-18 05:01:59','2014-05-18 05:01:59'),(96,7,'30342848A80AA64000000040','660010109058','1','4','2014-05-18 05:02:04','2014-05-18 05:02:04'),(97,7,'30342848A80AA6400000003D','660010109058','1','4','2014-05-18 05:02:04','2014-05-18 05:02:04'),(98,7,'30342848A80ABE400000007D',NULL,'1','4','2014-05-18 05:02:04','2014-05-18 05:02:04'),(99,7,'30342848A80B0B400000002E',NULL,'1','3','2014-05-18 05:07:37','2014-05-18 05:07:37'),(100,7,'30342848A80AA60000000051',NULL,'1','3','2014-05-18 05:07:37','2014-05-18 05:07:37'),(101,7,'30342848A80ABEC000000016','660010110030','2','1','2014-05-18 05:07:56','2014-05-18 05:07:56'),(102,7,'30342848A80B0B400000002E',NULL,'1','3','2014-05-18 05:08:09','2014-05-18 05:08:09'),(103,7,'30342848A80ABE400000007F',NULL,'1','4','2014-05-18 05:08:20','2014-05-18 05:08:20'),(104,7,'30342848A80ABE4000000081',NULL,'1','4','2014-05-18 05:08:21','2014-05-18 05:08:21'),(105,7,'30342848A80ABE4000000083',NULL,'1','2','2014-05-18 05:08:21','2014-05-18 05:08:21'),(106,7,'30342848A80ABE4000000082',NULL,'1','4','2014-05-18 05:08:21','2014-05-18 05:08:21'),(107,7,'30342848A80B0B400000002E',NULL,'1','4','2014-05-18 05:08:32','2014-05-18 05:08:32'),(108,7,'30342848A80AA60000000051',NULL,'3','4','2014-05-18 05:08:33','2014-05-18 05:08:33'),(109,7,'30342848A80B0A800000000C',NULL,'2','3','2014-05-18 05:09:48','2014-05-18 05:09:48'),(110,7,'30342848A80ABE400000007A',NULL,'3','1','2014-05-18 05:09:58','2014-05-18 05:09:58'),(111,7,'30342848A80ABE4000000086',NULL,'1','4','2014-05-18 05:09:59','2014-05-18 05:09:59'),(112,7,'30342848A80ABE4000000078',NULL,'1','4','2014-05-18 05:10:00','2014-05-18 05:10:00'),(113,7,'30342848A80ABEC000000016','660010110030','1','3','2014-05-18 05:10:33','2014-05-18 05:10:33'),(114,7,'30342848A80AC0400000011C','660010110092','1','4','2014-05-18 05:10:40','2014-05-18 05:10:40'),(115,7,'30342848A80B0A800000000C',NULL,'1','3','2014-05-18 05:10:45','2014-05-18 05:10:45'),(116,7,'30342848A80B0A800000000C',NULL,'1','2','2014-05-18 05:11:05','2014-05-18 05:11:05'),(117,7,'30342848A80AA64000000058',NULL,'1','4','2014-05-18 05:11:45','2014-05-18 05:11:45'),(118,7,'30342848A80AC040000000FA','660010110092','1','4','2014-05-18 05:12:07','2014-05-18 05:12:07'),(119,7,'30342848A80AC04000000124','660010110092','1','4','2014-05-18 05:12:07','2014-05-18 05:12:07'),(120,7,'30342848A80AA60000000052',NULL,'1','2','2014-05-18 05:13:34','2014-05-18 05:13:34'),(121,7,'30342848A80ABEC000000025',NULL,'1','4','2014-05-18 05:13:35','2014-05-18 05:13:35'),(122,7,'30342848A80ABEC000000016','660010110030','1','3','2014-05-18 05:14:29','2014-05-18 05:14:29'),(123,7,'30342848A80B0B4000000038',NULL,'3','4','2014-05-18 05:15:09','2014-05-18 05:15:09'),(124,7,'30342848A80ABE400000007B',NULL,'2','4','2014-05-18 05:15:09','2014-05-18 05:15:09'),(125,7,'30342848A80ABE4000000080',NULL,'1','4','2014-05-18 05:15:09','2014-05-18 05:15:09'),(126,7,'30342848A80B0B4000000033',NULL,'1','2','2014-05-18 05:15:10','2014-05-18 05:15:10'),(127,7,'30342848A80AA7C000000033',NULL,'1','2','2014-05-18 05:15:14','2014-05-18 05:15:14'),(128,7,'30342848A80AA7C000000035',NULL,'1','2','2014-05-18 05:15:15','2014-05-18 05:15:15'),(129,7,'30342848A80AC0400000010D','660010110092','1','4','2014-05-18 05:18:55','2014-05-18 05:18:55'),(130,7,'30342848A80AC040000000E6','660010110092','1','4','2014-05-18 05:18:55','2014-05-18 05:18:55'),(131,7,'30342848A80A738000000014','660010107023','1','4','2014-05-18 05:19:03','2014-05-18 05:19:03'),(132,7,'30342848A80AA7C000000045',NULL,'1','2','2014-05-18 05:19:42','2014-05-18 05:19:42'),(133,7,'30342848A80AC040000000C3','660010110092','1','4','2014-05-18 05:21:03','2014-05-18 05:21:03'),(134,7,'30342848A80ABE4000000079',NULL,'1','3','2014-05-18 05:21:44','2014-05-18 05:21:44'),(135,7,'30342848A80ABE400000007E',NULL,'1','3','2014-05-18 05:21:44','2014-05-18 05:21:44'),(136,7,'30342848A80AC0400000012F','660010110092','1','2','2014-05-18 05:21:45','2014-05-18 05:21:45'),(137,7,'30342848A80ABE4000000079',NULL,'3','4','2014-05-18 05:22:02','2014-05-18 05:22:02'),(138,7,'30342848A80ABE400000007E',NULL,'3','4','2014-05-18 05:22:03','2014-05-18 05:22:03'),(139,7,'30342848A80AA6400000004C','660010109058','1','3','2014-05-18 05:22:06','2014-05-18 05:22:06'),(140,7,'30342848A80AA6400000005D',NULL,'1','4','2014-05-18 05:22:23','2014-05-18 05:22:23'),(141,7,'30342848A80AA6400000004C','660010109058','1','4','2014-05-18 05:22:44','2014-05-18 05:22:44'),(142,7,'30342848A80AC040000000E8','660010110092','1','2','2014-05-18 05:24:05','2014-05-18 05:24:05'),(143,7,'30342848A80AA6400000005A',NULL,'1','4','2014-05-18 05:24:06','2014-05-18 05:24:06'),(144,7,'30342848A80B0B0000000003','660010113086','1','4','2014-05-18 05:24:30','2014-05-18 05:24:30'),(145,7,'30342848A80AA7C000000034',NULL,'1','2','2014-05-18 05:25:28','2014-05-18 05:25:28'),(146,7,'30342848A80AA7C000000034',NULL,'1','4','2014-05-18 05:25:53','2014-05-18 05:25:53'),(147,7,'30342848A80AF1800000000A','660010112065','2','1','2014-05-18 05:26:14','2014-05-18 05:26:14'),(148,7,'30342848A80AA7C00000003A',NULL,'1','3','2014-05-18 05:26:44','2014-05-18 05:26:44'),(149,7,'30342848A80AF4400000000F','660010112171','1','2','2014-05-18 05:26:50','2014-05-18 05:26:50'),(150,7,'30342848A80ABE4000000076',NULL,'1','2','2014-05-18 05:26:51','2014-05-18 05:26:51'),(151,7,'30342848A80AC0400000012E','660010110092','1','2','2014-05-18 05:26:51','2014-05-18 05:26:51'),(152,7,'30342848A80AF1800000000A','660010112065','1','2','2014-05-18 05:26:51','2014-05-18 05:26:51'),(153,7,'30342848A80ABE400000007C',NULL,'1','2','2014-05-18 05:27:06','2014-05-18 05:27:06'),(154,7,'30342848A80AF18000000012','660010112065','3','4','2014-05-18 05:28:31','2014-05-18 05:28:31'),(155,7,'30342848A80ABEC000000023',NULL,'1','4','2014-05-18 05:28:52','2014-05-18 05:28:52'),(156,7,'30342848A80ABEC000000016','660010110030','3','1','2014-05-18 05:29:51','2014-05-18 05:29:51'),(157,7,'30342848A80AC04000000135',NULL,'1','3','2014-05-18 05:30:00','2014-05-18 05:30:00'),(158,7,'30342848A80AA7C00000003B',NULL,'1','3','2014-05-18 05:30:21','2014-05-18 05:30:21'),(159,7,'30342848A80AC04000000135',NULL,'1','4','2014-05-18 05:30:23','2014-05-18 05:30:23'),(160,7,'30342848A80B0C4000000025',NULL,'1','4','2014-05-18 05:30:24','2014-05-18 05:30:24'),(161,7,'30342848A80AF18000000064',NULL,'1','2','2014-05-18 05:31:22','2014-05-18 05:31:22'),(162,7,'30342848A80ABF8000000025','660010110061','1','4','2014-05-18 05:33:16','2014-05-18 05:33:16'),(163,7,'30342848A80AA60000000061',NULL,'1','4','2014-05-18 05:33:45','2014-05-18 05:33:45'),(164,7,'30342848A80AC0400000012D',NULL,'1','3','2014-05-18 05:34:17','2014-05-18 05:34:17'),(165,7,'30342848A80A738000000017','660010107023','4','2','2014-05-18 05:34:23','2014-05-18 05:34:23'),(166,7,'30342848A80AA6000000005D',NULL,'2','4','2014-05-18 05:34:23','2014-05-18 05:34:23'),(167,7,'30342848A80AC04000000136','660010110092','1','4','2014-05-18 05:34:23','2014-05-18 05:34:23'),(168,7,'30342848A80AC0400000012D',NULL,'1','4','2014-05-18 05:34:28','2014-05-18 05:34:28'),(169,7,'30342848A80AA60000000060',NULL,'2','3','2014-05-18 05:35:09','2014-05-18 05:35:09'),(170,7,'30342848A80ABFC00000001E','660010110078','1','2','2014-05-18 05:35:17','2014-05-18 05:35:17'),(171,7,'30342848A80AA60000000060',NULL,'3','1','2014-05-18 05:35:24','2014-05-18 05:35:24'),(172,7,'30342848A80B0C000000000C','660010113123','2','4','2014-05-18 05:36:40','2014-05-18 05:36:40'),(173,7,'30342848A80AC040000000CA','660010110092','1','4','2014-05-18 05:38:53','2014-05-18 05:38:53'),(174,7,'30342848A80AF1800000002B','660010112065','1','2','2014-05-18 05:39:29','2014-05-18 05:39:29'),(175,7,'30342848A80B0BC000000006','660010113116','1','4','2014-05-18 05:42:23','2014-05-18 05:42:23'),(176,7,'30342848A80AF30000000004',NULL,'1','4','2014-05-18 05:42:23','2014-05-18 05:42:23'),(177,7,'30342848A80AA60000000050',NULL,'1','3','2014-05-18 05:43:02','2014-05-18 05:43:02'),(178,7,'30342848A80AF18000000009','660010112065','2','4','2014-05-18 05:43:02','2014-05-18 05:43:02'),(179,7,'30342848A80AA60000000050',NULL,'3','1','2014-05-18 05:43:38','2014-05-18 05:43:38'),(180,7,'30342848A80B0B0000000004','660010113086','1','2','2014-05-18 05:43:45','2014-05-18 05:43:45'),(181,7,'30342848A80B0C0000000002','660010113123','1','4','2014-05-18 05:43:47','2014-05-18 05:43:47'),(182,7,'30342848A80AA7C000000030',NULL,'1','2','2014-05-18 05:44:28','2014-05-18 05:44:28'),(183,7,'30342848A80AC040000000AC','660010110092','1','3','2014-05-18 05:44:28','2014-05-18 05:44:28'),(184,7,'30342848A80AC040000000AC','660010110092','1','4','2014-05-18 05:44:39','2014-05-18 05:44:39'),(185,7,'30342848A80AC040000000D5','660010110092','1','4','2014-05-18 05:45:13','2014-05-18 05:45:13'),(186,7,'30342848A80AA7C00000003E',NULL,'2','4','2014-05-18 05:45:13','2014-05-18 05:45:13'),(187,7,'30342848A80AF08000000027',NULL,'1','4','2014-05-18 05:46:07','2014-05-18 05:46:07'),(188,7,'30342848A80AA6000000004E',NULL,'1','3','2014-05-18 05:46:24','2014-05-18 05:46:24'),(189,7,'30342848A80AC0400000012C','660010110092','1','3','2014-05-18 05:46:29','2014-05-18 05:46:29'),(190,7,'30342848A80AF1C000000043','660010112072','1','2','2014-05-18 05:46:36','2014-05-18 05:46:36'),(191,7,'30342848A80A73400000000E','660010107016','1','3','2014-05-18 05:47:55','2014-05-18 05:47:55'),(192,7,'30342848A80A73400000000E','660010107016','3','4','2014-05-18 05:48:10','2014-05-18 05:48:10'),(193,7,'30342848A80ABE8000000026',NULL,'2','3','2014-05-18 05:48:36','2014-05-18 05:48:36'),(194,7,'30342848A80AF1800000004D','660010112065','1','2','2014-05-18 05:48:51','2014-05-18 05:48:51'),(195,7,'30342848A80ABE8000000026',NULL,'3','1','2014-05-18 05:48:57','2014-05-18 05:48:57'),(196,7,'30342848A80ABE8000000026',NULL,'3','2','2014-05-18 05:49:28','2014-05-18 05:49:28'),(197,7,'30342848A80AA6400000005E',NULL,'1','3','2014-05-18 05:49:37','2014-05-18 05:49:37'),(198,7,'30342848A80ABE8000000026',NULL,'1','3','2014-05-18 05:49:41','2014-05-18 05:49:41'),(199,7,'30342848A80AA6400000005E',NULL,'3','4','2014-05-18 05:50:01','2014-05-18 05:50:01'),(200,7,'30342848A80ABE8000000026',NULL,'3','4','2014-05-18 05:50:01','2014-05-18 05:50:01'),(201,7,'30342848A80ABE8000000030',NULL,'2','3','2014-05-18 05:51:06','2014-05-18 05:51:06'),(202,7,'30342848A80ABE8000000032',NULL,'2','1','2014-05-18 05:51:14','2014-05-18 05:51:14'),(203,7,'30342848A80ABE8000000032',NULL,'1','2','2014-05-18 05:51:22','2014-05-18 05:51:22'),(204,7,'30342848A80ABE8000000032',NULL,'2','1','2014-05-18 05:51:30','2014-05-18 05:51:30'),(205,7,'30342848A80ABE8000000030',NULL,'2','1','2014-05-18 05:51:38','2014-05-18 05:51:38'),(206,7,'30342848A80ABE8000000030',NULL,'2','3','2014-05-18 05:51:44','2014-05-18 05:51:44'),(207,7,'30342848A80AC040000000E9',NULL,'1','2','2014-05-18 05:51:47','2014-05-18 05:51:47'),(208,7,'30342848A80AC0400000011E',NULL,'1','2','2014-05-18 05:51:47','2014-05-18 05:51:47'),(209,7,'30342848A80ABE4000000089',NULL,'3','2','2014-05-18 05:53:56','2014-05-18 05:53:56'),(210,7,'30342848A80AA7C00000003F',NULL,'1','2','2014-05-18 05:53:56','2014-05-18 05:53:56'),(211,7,'30342848A80A5A4000000002','660010106019','1','3','2014-05-18 05:55:17','2014-05-18 05:55:17'),(212,7,'30342848A80A5A4000000002','660010106019','3','4','2014-05-18 05:55:28','2014-05-18 05:55:28'),(213,7,'30342848A80AA64000000057',NULL,'3','4','2014-05-18 05:55:52','2014-05-18 05:55:52'),(214,7,'30342848A80AF1800000004D','660010112065','1','4','2014-05-18 05:55:52','2014-05-18 05:55:52'),(215,7,'30342848A80AF1800000000E','660010112065','1','4','2014-05-18 05:56:13','2014-05-18 05:56:13'),(216,7,'30342848A80AF44000000009','660010112171','1','4','2014-05-18 05:56:18','2014-05-18 05:56:18'),(217,7,'30342848A80AF18000000014','660010112065','1','2','2014-05-18 05:56:30','2014-05-18 05:56:30'),(218,7,'30342848A80AA5C00000000C',NULL,'1','2','2014-05-18 05:56:32','2014-05-18 05:56:32'),(219,7,'30342848A80ABE4000000072',NULL,'1','2','2014-05-18 05:56:33','2014-05-18 05:56:33'),(220,7,'30342848A80AF44000000004','660010112171','2','4','2014-05-18 05:56:39','2014-05-18 05:56:39'),(221,7,'30342848A80AF1800000000E','660010112065','4','1','2014-05-18 05:56:50','2014-05-18 05:56:50'),(222,7,'30342848A80AF44000000009','660010112171','4','1','2014-05-18 05:56:51','2014-05-18 05:56:51'),(223,7,'30342848A80AF1800000000E','660010112065','3','2','2014-05-18 05:57:20','2014-05-18 05:57:20'),(224,7,'30342848A80AC040000000E8','660010110092','4','3','2014-05-18 06:00:04','2014-05-18 06:00:04'),(225,7,'30342848A80AD7400000003C',NULL,'4','1','2014-05-18 06:00:29','2014-05-18 06:00:29'),(226,7,'30342848A80AA7C000000048',NULL,'1','3','2014-05-18 06:00:44','2014-05-18 06:00:44'),(227,7,'30342848A80AA7C000000048',NULL,'1','4','2014-05-18 06:01:08','2014-05-18 06:01:08'),(228,7,'30342848A80AF18000000061',NULL,'1','4','2014-05-18 06:02:59','2014-05-18 06:02:59'),(229,7,'30342848A80AF28000000022','660010112102','1','4','2014-05-18 06:03:52','2014-05-18 06:03:52'),(230,7,'30342848A80A738000000008','660010107023','1','3','2014-05-18 06:04:02','2014-05-18 06:04:02'),(231,7,'30342848A80ABE4000000059',NULL,'2','4','2014-05-18 06:04:12','2014-05-18 06:04:12'),(232,7,'30342848A80ABE4000000068',NULL,'1','4','2014-05-18 06:04:13','2014-05-18 06:04:13'),(233,7,'30342848A80A738000000008','660010107023','3','4','2014-05-18 06:04:20','2014-05-18 06:04:20'),(234,7,'30342848A80ABFC00000001A','660010110078','1','4','2014-05-18 06:07:11','2014-05-18 06:07:11'),(235,7,'30342848A80ABFC00000001C','660010110078','1','2','2014-05-18 06:07:28','2014-05-18 06:07:28'),(236,7,'30342848A80ABFC00000001A','660010110078','4','1','2014-05-18 06:07:33','2014-05-18 06:07:33'),(237,7,'30342848A80ABFC00000001A','660010110078','1','4','2014-05-18 06:08:00','2014-05-18 06:08:00'),(238,7,'30342848A80AC040000000FF',NULL,'1','4','2014-05-18 06:08:30','2014-05-18 06:08:30'),(239,7,'30342848A80AC04000000103','660010110092','1','2','2014-05-18 06:11:07','2014-05-18 06:11:07'),(240,7,'30342848A80AA54000000003',NULL,'1','2','2014-05-18 06:11:23','2014-05-18 06:11:23'),(241,7,'30342848A80ABE8000000031',NULL,'4','3','2014-05-18 06:11:44','2014-05-18 06:11:44'),(242,7,'30342848A80ABE8000000031',NULL,'3','2','2014-05-18 06:11:53','2014-05-18 06:11:53'),(243,7,'30342848A80ABE400000007B',NULL,'3','1','2014-05-18 06:13:28','2014-05-18 06:13:28'),(244,7,'30342848A80ABE4000000083',NULL,'4','3','2014-05-18 06:13:29','2014-05-18 06:13:29'),(245,7,'30342848A80AC040000000E1','660010110092','1','4','2014-05-18 06:14:05','2014-05-18 06:14:05'),(246,7,'30342848A80AC040000000BB',NULL,'1','4','2014-05-18 06:15:03','2014-05-18 06:15:03'),(247,7,'30342848A80ABE4000000083',NULL,'3','4','2014-05-18 06:16:14','2014-05-18 06:16:14'),(248,7,'30342848A80AA60000000051',NULL,'4','2','2014-05-18 06:16:24','2014-05-18 06:16:24'),(249,7,'30342848A80ABE4000000080',NULL,'3','1','2014-05-18 06:17:01','2014-05-18 06:17:01'),(250,7,'30342848A80AF18000000061',NULL,'4','3','2014-05-18 06:18:16','2014-05-18 06:18:16'),(251,7,'30342848A80ABE4000000083',NULL,'1','3','2014-05-18 06:20:06','2014-05-18 06:20:06'),(252,7,'30342848A80A73800000001E',NULL,'1','3','2014-05-18 06:20:52','2014-05-18 06:20:52'),(253,7,'30342848A80ABEC000000026',NULL,'1','4','2014-05-18 06:20:59','2014-05-18 06:20:59'),(254,7,'30342848A80AA7C000000036',NULL,'1','4','2014-05-18 06:21:17','2014-05-18 06:21:17'),(255,7,'30342848A80AA6400000005A',NULL,'4','1','2014-05-18 06:23:59','2014-05-18 06:23:59'),(256,7,'30342848A80AA6400000005A',NULL,'3','1','2014-05-18 06:25:46','2014-05-18 06:25:46'),(257,7,'30342848A80A738000000010','660010107023','3','1','2014-05-18 06:25:56','2014-05-18 06:25:56'),(258,7,'30342848A80A738000000010','660010107023','3','2','2014-05-18 06:26:01','2014-05-18 06:26:01'),(259,7,'30342848A80B0B4000000032',NULL,'1','4','2014-05-18 06:28:55','2014-05-18 06:28:55'),(260,7,'30342848A80AD74000000005','660010111013','1','4','2014-05-18 06:30:06','2014-05-18 06:30:06'),(261,7,'30342848A80AA7C000000039',NULL,'2','4','2014-05-18 06:30:28','2014-05-18 06:30:28'),(262,7,'30342848A80ABE8000000029',NULL,'1','4','2014-05-18 06:30:50','2014-05-18 06:30:50'),(263,7,'30342848A80ABE8000000027',NULL,'1','4','2014-05-18 06:30:50','2014-05-18 06:30:50'),(264,7,'30342848A80ABE800000002E',NULL,'1','2','2014-05-18 06:30:50','2014-05-18 06:30:50'),(265,7,'30342848A80ABFC00000002D',NULL,'1','4','2014-05-18 06:31:33','2014-05-18 06:31:33'),(266,7,'30342848A80AF1800000004D','660010112065','4','3','2014-05-18 06:32:39','2014-05-18 06:32:39'),(267,7,'30342848A80ABFC000000025','660010110078','4','3','2014-05-18 06:32:49','2014-05-18 06:32:49'),(268,7,'30342848A80AA6400000005C',NULL,'1','2','2014-05-18 06:34:17','2014-05-18 06:34:17'),(269,7,'30342848A80AF1C000000042','660010112072','1','2','2014-05-18 06:35:27','2014-05-18 06:35:27'),(270,7,'30342848A80AF1C000000050','660010112072','1','2','2014-05-18 06:35:27','2014-05-18 06:35:27'),(271,7,'30342848A80AC040000000EE','660010110092','1','2','2014-05-18 06:35:46','2014-05-18 06:35:46'),(272,7,'30342848A80ABFC000000025','660010110078','3','1','2014-05-18 06:36:04','2014-05-18 06:36:04'),(273,7,'30342848A80AA6400000005A',NULL,'3','1','2014-05-18 06:36:16','2014-05-18 06:36:16'),(274,7,'30342848A80ABE4000000083',NULL,'3','1','2014-05-18 06:36:17','2014-05-18 06:36:17'),(275,7,'30342848A80ABFC000000025','660010110078','3','1','2014-05-18 06:36:18','2014-05-18 06:36:18'),(276,7,'30342848A80AC04000000124','660010110092','3','1','2014-05-18 06:42:29','2014-05-18 06:42:29'),(277,7,'30342848A80AC04000000124','660010110092','1','3','2014-05-18 06:42:34','2014-05-18 06:42:34'),(278,7,'30342848A80AC04000000124','660010110092','1','3','2014-05-18 06:43:16','2014-05-18 06:43:16'),(279,7,'30342848A80AC04000000124','660010110092','1','3','2014-05-18 06:44:38','2014-05-18 06:44:38'),(280,7,'30342848A80ABF800000002B',NULL,'1','3','2014-05-18 06:45:30','2014-05-18 06:45:30'),(281,7,'30342848A80ABF800000002B',NULL,'1','3','2014-05-18 06:45:51','2014-05-18 06:45:51'),(282,7,'30342848A80ABF800000002B',NULL,'3','2','2014-05-18 06:46:07','2014-05-18 06:46:07'),(283,7,'30342848A80B0A0000000006','660010113048','1','4','2014-05-18 06:46:51','2014-05-18 06:46:51'),(284,7,'30342848A80B0A0000000006','660010113048','4','2','2014-05-18 06:47:04','2014-05-18 06:47:04'),(285,7,'30342848A80AC040000000B4',NULL,'1','4','2014-05-18 06:47:10','2014-05-18 06:47:10'),(286,7,'30342848A80AF18000000045','660010112065','2','1','2014-05-18 06:47:49','2014-05-18 06:47:49'),(287,7,'30342848A80AF18000000045','660010112065','1','3','2014-05-18 06:48:19','2014-05-18 06:48:19'),(288,7,'30342848A80AF18000000061',NULL,'1','4','2014-05-18 06:48:36','2014-05-18 06:48:36'),(289,7,'30342848A80ABE8000000034',NULL,'1','3','2014-05-18 06:49:16','2014-05-18 06:49:16'),(290,7,'30342848A80ABE8000000034',NULL,'3','4','2014-05-18 06:49:28','2014-05-18 06:49:28'),(291,7,'30342848A80AF18000000045','660010112065','3','4','2014-05-18 06:50:02','2014-05-18 06:50:02'),(292,7,'30342848A80A5A4000000026',NULL,'1','4','2014-05-18 06:51:27','2014-05-18 06:51:27'),(293,7,'30342848A80AA6400000005B',NULL,'1','4','2014-05-18 06:51:29','2014-05-18 06:51:29'),(294,7,'30342848A80A5A4000000024',NULL,'1','2','2014-05-18 06:52:12','2014-05-18 06:52:12'),(295,7,'30342848A80A5A4000000024',NULL,'4','1','2014-05-18 06:52:17','2014-05-18 06:52:17'),(296,7,'30342848A80ABE4000000076',NULL,'2','3','2014-05-18 06:54:51','2014-05-18 06:54:51'),(297,7,'30342848A80AA7C00000003A',NULL,'2','3','2014-05-18 06:54:53','2014-05-18 06:54:53'),(298,7,'30342848A80AF18000000030','660010112065','1','3','2014-05-18 06:55:13','2014-05-18 06:55:13'),(299,7,'30342848A80AF18000000030','660010112065','3','2','2014-05-18 06:56:12','2014-05-18 06:56:12'),(300,7,'30342848A80AD7400000000B','660010111013','1','2','2014-05-18 06:57:24','2014-05-18 06:57:24'),(301,7,'30342848A80AA7C00000003A',NULL,'3','1','2014-05-18 06:58:15','2014-05-18 06:58:15'),(302,7,'30342848A80AC040000001DF',NULL,'1','4','2014-05-18 06:58:21','2014-05-18 06:58:21'),(303,7,'30342848A80AA7C00000003A',NULL,'3','1','2014-05-18 06:59:09','2014-05-18 06:59:09'),(304,7,'30342848A80AC040000000F0',NULL,'1','4','2014-05-18 06:59:30','2014-05-18 06:59:30'),(305,7,'30342848A80AA7C00000003A',NULL,'3','1','2014-05-18 07:04:35','2014-05-18 07:04:35'),(306,7,'30342848A80AA60000000056',NULL,'1','4','2014-05-18 07:06:03','2014-05-18 07:06:03'),(307,7,'30342848A80AC040000000C3','660010110092','4','3','2014-05-18 07:08:12','2014-05-18 07:08:12'),(308,7,'30342848A80B0B4000000032',NULL,'4','3','2014-05-18 07:08:14','2014-05-18 07:08:14'),(309,7,'30342848A80AA7C00000003A',NULL,'1','3','2014-05-18 07:08:19','2014-05-18 07:08:19'),(310,7,'30342848A80AA7C00000003A',NULL,'3','1','2014-05-18 07:08:28','2014-05-18 07:08:28'),(311,7,'30342848A80AC040000000C3','660010110092','3','1','2014-05-18 07:08:51','2014-05-18 07:08:51'),(312,7,'30342848A80AA7C00000003A',NULL,'1','3','2014-05-18 07:09:08','2014-05-18 07:09:08'),(313,7,'30342848A80AA7C00000003A',NULL,'3','1','2014-05-18 07:09:23','2014-05-18 07:09:23'),(314,7,'30342848A80A73800000001B',NULL,'1','4','2014-05-18 07:10:51','2014-05-18 07:10:51'),(315,7,'30342848A80A738000000007','660010107023','2','3','2014-05-18 07:13:01','2014-05-18 07:13:01'),(316,7,'30342848A80A738000000007','660010107023','3','4','2014-05-18 07:13:44','2014-05-18 07:13:44'),(317,7,'30342848A80AA7C00000003A',NULL,'3','1','2014-05-18 07:14:33','2014-05-18 07:14:33'),(318,7,'30342848A80AA7C00000003A',NULL,'3','1','2014-05-18 07:16:09','2014-05-18 07:16:09'),(319,7,'30342848A80AA7C00000003A',NULL,'3','1','2014-05-18 07:16:42','2014-05-18 07:16:42'),(320,7,'30342848A80AA7C00000003A',NULL,'1','3','2014-05-18 07:16:47','2014-05-18 07:16:47'),(321,7,'30342848A80AD7400000002A',NULL,'1','4','2014-05-18 07:17:08','2014-05-18 07:17:08'),(322,7,'30342848A80AA7C00000003A',NULL,'3','1','2014-05-18 07:17:17','2014-05-18 07:17:17'),(323,7,'30342848A80AC04000000109','660010110092','1','4','2014-05-18 07:17:36','2014-05-18 07:17:36'),(324,7,'30342848A80AC040000000C3','660010110092','3','1','2014-05-18 07:17:48','2014-05-18 07:17:48'),(325,7,'30342848A80AC040000000C3','660010110092','3','1','2014-05-18 07:18:05','2014-05-18 07:18:05'),(326,7,'30342848A80AA7C00000003A',NULL,'1','3','2014-05-18 07:18:11','2014-05-18 07:18:11'),(327,7,'30342848A80AA7C00000003A',NULL,'3','1','2014-05-18 07:18:31','2014-05-18 07:18:31'),(328,7,'30342848A80AA7C00000003A',NULL,'3','1','2014-05-18 07:19:36','2014-05-18 07:19:36'),(329,7,'30342848A80AA7C00000003A',NULL,'3','1','2014-05-18 07:19:42','2014-05-18 07:19:42'),(330,7,'30342848A80AA7C00000003A',NULL,'1','3','2014-05-18 07:19:51','2014-05-18 07:19:51'),(331,7,'30342848A80AC040000000C3','660010110092','3','1','2014-05-18 07:20:06','2014-05-18 07:20:06'),(332,7,'30342848A80AA7C00000003A',NULL,'1','3','2014-05-18 07:20:39','2014-05-18 07:20:39'),(333,7,'30342848A80AC0400000011C','660010110092','4','3','2014-05-18 07:20:43','2014-05-18 07:20:43'),(334,7,'30342848A80A73800000000C','660010107023','2','3','2014-05-18 07:20:43','2014-05-18 07:20:43'),(335,7,'30342848A80A73800000000C','660010107023','3','1','2014-05-18 07:20:47','2014-05-18 07:20:47'),(336,7,'30342848A80AC040000000C3','660010110092','1','3','2014-05-18 07:21:17','2014-05-18 07:21:17'),(337,7,'30342848A80AC040000000C3','660010110092','3','1','2014-05-18 07:21:51','2014-05-18 07:21:51'),(338,7,'30342848A80ABE4000000065',NULL,'1','2','2014-05-18 07:22:03','2014-05-18 07:22:03'),(339,7,'30342848A80AC040000000FB','660010110092','3','2','2014-05-18 07:22:18','2014-05-18 07:22:18'),(340,7,'30342848A80AC040000000C3','660010110092','4','3','2014-05-18 07:22:35','2014-05-18 07:22:35'),(341,7,'30342848A80AA7C00000003A',NULL,'1','3','2014-05-18 07:22:38','2014-05-18 07:22:38'),(342,7,'30342848A80AC040000000C3','660010110092','3','1','2014-05-18 07:22:48','2014-05-18 07:22:48'),(343,7,'30342848A80AF18000000064',NULL,'3','1','2014-05-18 07:23:22','2014-05-18 07:23:22'),(344,7,'30342848A80AC040000000C3','660010110092','3','1','2014-05-18 07:23:27','2014-05-18 07:23:27'),(345,7,'30342848A80AF18000000064',NULL,'1','3','2014-05-18 07:23:40','2014-05-18 07:23:40'),(346,7,'30342848A80AA7C00000003A',NULL,'3','1','2014-05-18 07:23:55','2014-05-18 07:23:55'),(347,7,'30342848A80AC0400000011C','660010110092','3','1','2014-05-18 07:24:02','2014-05-18 07:24:02'),(348,7,'30342848A80A5A4000000025',NULL,'1','3','2014-05-18 07:24:15','2014-05-18 07:24:15'),(349,7,'30342848A80AC0400000011C','660010110092','1','3','2014-05-18 07:25:58','2014-05-18 07:25:58'),(350,7,'30342848A80AC0400000011C','660010110092','1','3','2014-05-18 07:26:16','2014-05-18 07:26:16'),(351,7,'30342848A80AC0400000011C','660010110092','3','1','2014-05-18 07:26:19','2014-05-18 07:26:19'),(352,7,'30342848A80A5A4000000025',NULL,'3','1','2014-05-18 07:26:53','2014-05-18 07:26:53'),(353,7,'30342848A80AC0400000011C','660010110092','3','1','2014-05-18 07:27:13','2014-05-18 07:27:13'),(354,7,'30342848A80ADAC000000002',NULL,'1','3','2014-05-18 07:27:46','2014-05-18 07:27:46'),(355,7,'30342848A80ADAC000000002',NULL,'3','4','2014-05-18 07:27:58','2014-05-18 07:27:58'),(356,7,'30342848A80AC0400000011C','660010110092','3','1','2014-05-18 07:28:02','2014-05-18 07:28:02'),(357,7,'30342848A80AC0400000011C','660010110092','3','1','2014-05-18 07:28:37','2014-05-18 07:28:37'),(358,7,'30342848A80AC0400000011C','660010110092','1','3','2014-05-18 07:29:00','2014-05-18 07:29:00'),(359,7,'30342848A80AC0400000011C','660010110092','3','1','2014-05-18 07:29:09','2014-05-18 07:29:09'),(360,7,'30342848A80AF18000000064',NULL,'1','3','2014-05-18 07:30:55','2014-05-18 07:30:55'),(361,7,'30342848A80ADAC000000002',NULL,'4','2','2014-05-18 07:31:26','2014-05-18 07:31:26'),(362,7,'30342848A80AC040000000DB',NULL,'1','3','2014-05-18 07:32:25','2014-05-18 07:32:25'),(363,7,'30342848A80AD74000000005','660010111013','1','3','2014-05-18 07:33:15','2014-05-18 07:33:15'),(364,7,'30342848A80AA64000000060',NULL,'1','2','2014-05-18 07:33:18','2014-05-18 07:33:18'),(365,7,'30342848A80AC0400000011C','660010110092','3','1','2014-05-18 07:36:30','2014-05-18 07:36:30'),(366,7,'30342848A80AD74000000005','660010111013','1','3','2014-05-18 07:36:38','2014-05-18 07:36:38'),(367,7,'30342848A80AD74000000005','660010111013','3','1','2014-05-18 07:36:43','2014-05-18 07:36:43'),(368,7,'30342848A80AD74000000005','660010111013','1','3','2014-05-18 07:37:04','2014-05-18 07:37:04'),(369,7,'30342848A80AA64000000057',NULL,'4','3','2014-05-18 07:37:04','2014-05-18 07:37:04'),(370,7,'30342848A80ABFC000000022','660010110078','1','4','2014-05-18 07:39:59','2014-05-18 07:39:59'),(371,7,'30342848A80AA64000000057',NULL,'3','1','2014-05-18 07:40:38','2014-05-18 07:40:38'),(372,7,'30342848A80AA64000000057',NULL,'1','3','2014-05-18 07:41:54','2014-05-18 07:41:54'),(373,7,'30342848A80B0B4000000032',NULL,'3','1','2014-05-18 07:43:17','2014-05-18 07:43:17'),(374,7,'30342848A80AD74000000005','660010111013','1','3','2014-05-18 07:43:52','2014-05-18 07:43:52'),(375,7,'30342848A80AD74000000005','660010111013','3','1','2014-05-18 07:46:43','2014-05-18 07:46:43'),(376,7,'30342848A80AF18000000049','660010112065','4','2','2014-05-18 07:46:48','2014-05-18 07:46:48'),(377,7,'30342848A80AD74000000005','660010111013','1','3','2014-05-18 07:46:59','2014-05-18 07:46:59'),(378,7,'30342848A80AA64000000057',NULL,'3','1','2014-05-18 07:47:08','2014-05-18 07:47:08'),(379,7,'30342848A80AA64000000057',NULL,'1','3','2014-05-18 07:51:00','2014-05-18 07:51:00'),(380,7,'30342848A80AA64000000057',NULL,'3','4','2014-05-18 07:51:45','2014-05-18 07:51:45'),(381,7,'30342848A80AA64000000057',NULL,'1','4','2014-05-18 07:52:06','2014-05-18 07:52:06'),(382,7,'30342848A80AA64000000057',NULL,'3','1','2014-05-18 07:52:20','2014-05-18 07:52:20'),(383,7,'30342848A80AD74000000031',NULL,'1','3','2014-05-18 07:52:55','2014-05-18 07:52:55'),(384,7,'30342848A80AD74000000031',NULL,'1','4','2014-05-18 07:53:14','2014-05-18 07:53:14'),(385,7,'30342848A80B0B4000000032',NULL,'3','1','2014-05-18 07:53:20','2014-05-18 07:53:20'),(386,7,'30342848A80AA7C00000003A',NULL,'3','1','2014-05-18 07:53:39','2014-05-18 07:53:39'),(387,7,'30342848A80B0B4000000032',NULL,'1','3','2014-05-18 07:53:40','2014-05-18 07:53:40'),(388,7,'30342848A80AA7C00000003A',NULL,'1','3','2014-05-18 07:54:10','2014-05-18 07:54:10'),(389,7,'30342848A80AA64000000057',NULL,'3','1','2014-05-18 07:54:53','2014-05-18 07:54:53'),(390,7,'30342848A80AD74000000005','660010111013','3','1','2014-05-18 07:54:57','2014-05-18 07:54:57'),(391,7,'30342848A80AA64000000057',NULL,'1','3','2014-05-18 07:54:58','2014-05-18 07:54:58'),(392,7,'30342848A80AA64000000057',NULL,'3','1','2014-05-18 07:55:08','2014-05-18 07:55:08'),(393,7,'30342848A80AD74000000005','660010111013','3','1','2014-05-18 07:55:13','2014-05-18 07:55:13'),(394,7,'30342848A80AF28000000023','660010112102','1','4','2014-05-18 07:55:19','2014-05-18 07:55:19'),(395,7,'30342848A80AD74000000005','660010111013','3','1','2014-05-18 07:57:15','2014-05-18 07:57:15'),(396,7,'30342848A80AD74000000005','660010111013','3','1','2014-05-18 07:57:27','2014-05-18 07:57:27'),(397,7,'30342848A80AD74000000005','660010111013','3','1','2014-05-18 07:58:04','2014-05-18 07:58:04'),(398,7,'30342848A80AD74000000005','660010111013','1','3','2014-05-18 07:58:21','2014-05-18 07:58:21'),(399,7,'30342848A80AD74000000005','660010111013','1','3','2014-05-18 07:59:04','2014-05-18 07:59:04'),(400,7,'30342848A80AD74000000005','660010111013','1','3','2014-05-18 07:59:34','2014-05-18 07:59:34'),(401,7,'30342848A80AD74000000005','660010111013','3','1','2014-05-18 08:00:20','2014-05-18 08:00:20'),(402,7,'30342848A80AD74000000005','660010111013','3','1','2014-05-18 08:00:59','2014-05-18 08:00:59'),(403,7,'30342848A80AC0400000012C','660010110092','4','1','2014-05-18 08:01:48','2014-05-18 08:01:48'),(404,7,'30342848A80AD74000000005','660010111013','1','3','2014-05-18 08:04:46','2014-05-18 08:04:46'),(405,7,'30342848A80AC0400000012C','660010110092','1','3','2014-05-18 08:05:04','2014-05-18 08:05:04'),(406,7,'30342848A80AC0400000012C','660010110092','2','1','2014-05-18 08:05:21','2014-05-18 08:05:21'),(407,7,'30342848A80AD74000000005','660010111013','3','1','2014-05-18 08:05:21','2014-05-18 08:05:21'),(408,7,'30342848A80AC0400000012C','660010110092','1','3','2014-05-18 08:05:37','2014-05-18 08:05:37'),(409,7,'30342848A80AC0400000012C','660010110092','1','3','2014-05-18 08:05:44','2014-05-18 08:05:44'),(410,7,'30342848A80AD74000000005','660010111013','1','3','2014-05-18 08:06:01','2014-05-18 08:06:01'),(411,7,'30342848A80AC040000000F0',NULL,'4','2','2014-05-18 08:07:25','2014-05-18 08:07:25'),(412,7,'30342848A80AF18000000049','660010112065','1','3','2014-05-18 08:09:01','2014-05-18 08:09:01'),(413,7,'30342848A80AF18000000049','660010112065','3','4','2014-05-18 08:09:14','2014-05-18 08:09:14'),(414,7,'30342848A80AD74000000005','660010111013','1','3','2014-05-18 08:09:17','2014-05-18 08:09:17'),(415,7,'30342848A80ABE800000002F',NULL,'1','2','2014-05-18 08:11:00','2014-05-18 08:11:00'),(416,7,'30342848A80AA64000000057',NULL,'3','1','2014-05-18 08:11:47','2014-05-18 08:11:47'),(417,7,'30342848A80AA64000000057',NULL,'3','1','2014-05-18 08:13:00','2014-05-18 08:13:00'),(418,7,'30342848A80AC040000000C1','660010110092','2','1','2014-05-18 08:13:12','2014-05-18 08:13:12'),(419,7,'30342848A80AC040000000C3','660010110092','1','3','2014-05-18 08:14:51','2014-05-18 08:14:51'),(420,7,'30342848A80AC040000000C3','660010110092','1','3','2014-05-18 08:15:02','2014-05-18 08:15:02'),(421,7,'30342848A80B0B4000000032',NULL,'1','3','2014-05-18 08:15:05','2014-05-18 08:15:05'),(422,7,'30342848A80AC040000000C3','660010110092','3','1','2014-05-18 08:15:07','2014-05-18 08:15:07'),(423,7,'30342848A80AA6400000004C','660010109058','2','1','2014-05-18 08:16:20','2014-05-18 08:16:20'),(424,7,'30342848A80AC040000000C3','660010110092','1','3','2014-05-18 08:16:32','2014-05-18 08:16:32'),(425,7,'30342848A80AC0400000011C','660010110092','3','1','2014-05-18 08:17:50','2014-05-18 08:17:50'),(426,7,'30342848A80AD74000000005','660010111013','3','1','2014-05-18 08:20:11','2014-05-18 08:20:11'),(427,7,'30342848A80AA6400000004C','660010109058','1','3','2014-05-18 08:20:44','2014-05-18 08:20:44'),(428,7,'30342848A80AA6400000004C','660010109058','3','1','2014-05-18 08:23:15','2014-05-18 08:23:15'),(429,7,'30342848A80AC040000000C3','660010110092','3','1','2014-05-18 08:24:43','2014-05-18 08:24:43'),(430,7,'30342848A80AF28000000026','660010112102','3','4','2014-05-18 08:24:50','2014-05-18 08:24:50'),(431,7,'30342848A80AC040000000C3','660010110092','1','3','2014-05-18 08:27:02','2014-05-18 08:27:02'),(432,7,'30342848A80AC040000000C3','660010110092','1','3','2014-05-18 08:27:07','2014-05-18 08:27:07'),(433,7,'30342848A80AC040000000C3','660010110092','1','3','2014-05-18 08:27:39','2014-05-18 08:27:39'),(434,7,'30342848A80AD74000000005','660010111013','3','1','2014-05-18 08:27:59','2014-05-18 08:27:59'),(435,7,'30342848A80AD74000000005','660010111013','1','3','2014-05-18 08:29:02','2014-05-18 08:29:02'),(436,7,'30342848A80AC040000000C3','660010110092','3','1','2014-05-18 08:29:49','2014-05-18 08:29:49'),(437,7,'30342848A80AD74000000005','660010111013','3','1','2014-05-18 08:32:30','2014-05-18 08:32:30'),(438,7,'30342848A80AD74000000005','660010111013','3','1','2014-05-18 08:33:37','2014-05-18 08:33:37'),(439,7,'30342848A80AD74000000005','660010111013','1','3','2014-05-18 08:35:14','2014-05-18 08:35:14'),(440,7,'30342848A80AA7C00000003E',NULL,'2','3','2014-05-18 08:35:57','2014-05-18 08:35:57'),(441,7,'30342848A80AD74000000005','660010111013','3','1','2014-05-18 08:38:49','2014-05-18 08:38:49'),(442,7,'30342848A80AD74000000005','660010111013','1','3','2014-05-18 08:38:58','2014-05-18 08:38:58'),(443,7,'30342848A80AD74000000005','660010111013','3','1','2014-05-18 08:39:32','2014-05-18 08:39:32'),(444,7,'30342848A80AD74000000005','660010111013','3','1','2014-05-18 08:40:11','2014-05-18 08:40:11'),(445,7,'30342848A80AD74000000005','660010111013','1','3','2014-05-18 08:40:23','2014-05-18 08:40:23'),(446,7,'30342848A80AD74000000005','660010111013','1','3','2014-05-18 08:40:33','2014-05-18 08:40:33'),(447,7,'30342848A80AD74000000005','660010111013','1','3','2014-05-18 08:40:39','2014-05-18 08:40:39'),(448,7,'30342848A80AD74000000005','660010111013','3','1','2014-05-18 08:40:59','2014-05-18 08:40:59'),(449,7,'30342848A80AD74000000005','660010111013','1','3','2014-05-18 08:41:05','2014-05-18 08:41:05'),(450,7,'30342848A80AC04000000103','660010110092','4','1','2014-05-18 08:41:52','2014-05-18 08:41:52'),(451,7,'30342848A80AD74000000005','660010111013','1','3','2014-05-18 08:42:31','2014-05-18 08:42:31'),(452,7,'30342848A80AD74000000005','660010111013','1','3','2014-05-18 08:43:28','2014-05-18 08:43:28'),(453,7,'30342848A80AC040000000C3','660010110092','1','3','2014-05-18 08:43:50','2014-05-18 08:43:50'),(454,7,'30342848A80AC04000000103','660010110092','3','1','2014-05-18 08:44:03','2014-05-18 08:44:03'),(455,7,'30342848A80AD74000000005','660010111013','1','3','2014-05-18 08:44:45','2014-05-18 08:44:45'),(456,7,'30342848A80AC04000000103','660010110092','1','3','2014-05-18 08:44:59','2014-05-18 08:44:59'),(457,7,'30342848A80AD74000000005','660010111013','1','3','2014-05-18 08:45:06','2014-05-18 08:45:06'),(458,7,'30342848A80ABE8000000032',NULL,'4','3','2014-05-18 08:45:12','2014-05-18 08:45:12'),(459,7,'30342848A80AC040000000C3','660010110092','1','3','2014-05-18 08:45:12','2014-05-18 08:45:12'),(460,7,'30342848A80AD74000000005','660010111013','1','3','2014-05-18 08:45:20','2014-05-18 08:45:20'),(461,7,'30342848A80AC040000000C3','660010110092','3','1','2014-05-18 08:45:31','2014-05-18 08:45:31'),(462,7,'30342848A80AC04000000103','660010110092','3','1','2014-05-18 08:45:34','2014-05-18 08:45:34'),(463,7,'30342848A80AD74000000005','660010111013','1','3','2014-05-18 08:46:07','2014-05-18 08:46:07'),(464,7,'30342848A80AC040000000C3','660010110092','1','3','2014-05-18 08:46:49','2014-05-18 08:46:49'),(465,7,'30342848A80AD74000000005','660010111013','3','1','2014-05-18 08:47:24','2014-05-18 08:47:24'),(466,7,'30342848A80AD74000000005','660010111013','1','3','2014-05-18 08:47:57','2014-05-18 08:47:57'),(467,7,'30342848A80AD74000000005','660010111013','3','1','2014-05-18 08:49:45','2014-05-18 08:49:45'),(468,7,'30342848A80AC040000000C3','660010110092','3','1','2014-05-18 08:49:55','2014-05-18 08:49:55'),(469,7,'30342848A80AA64000000057',NULL,'4','3','2014-05-18 08:50:03','2014-05-18 08:50:03'),(470,7,'30342848A80AC040000000C3','660010110092','3','1','2014-05-18 08:50:24','2014-05-18 08:50:24'),(471,7,'30342848A80AD74000000005','660010111013','1','3','2014-05-18 08:51:05','2014-05-18 08:51:05'),(472,7,'30342848A80AD74000000005','660010111013','1','3','2014-05-18 08:51:21','2014-05-18 08:51:21'),(473,7,'30342848A80AD74000000005','660010111013','1','3','2014-05-18 08:51:41','2014-05-18 08:51:41'),(474,7,'30342848A80AD74000000005','660010111013','1','3','2014-05-18 08:51:55','2014-05-18 08:51:55'),(475,7,'30342848A80AF18000000035','660010112065','2','4','2014-05-18 08:52:12','2014-05-18 08:52:12'),(476,7,'30342848A80AD74000000005','660010111013','1','3','2014-05-18 08:52:15','2014-05-18 08:52:15'),(477,7,'30342848A80AD74000000005','660010111013','1','3','2014-05-18 08:52:35','2014-05-18 08:52:35'),(478,7,'30342848A80AD74000000005','660010111013','1','3','2014-05-18 08:52:45','2014-05-18 08:52:45'),(479,7,'30342848A80AD74000000005','660010111013','1','3','2014-05-18 08:53:12','2014-05-18 08:53:12'),(480,7,'30342848A80AD74000000005','660010111013','1','3','2014-05-18 08:54:02','2014-05-18 08:54:02'),(481,7,'30342848A80AD74000000005','660010111013','3','1','2014-05-18 08:54:32','2014-05-18 08:54:32'),(482,7,'30342848A80AD74000000005','660010111013','1','3','2014-05-18 08:55:58','2014-05-18 08:55:58'),(483,7,'30342848A80AD74000000005','660010111013','1','3','2014-05-18 08:56:06','2014-05-18 08:56:06'),(484,7,'30342848A80AD74000000005','660010111013','1','3','2014-05-18 08:56:16','2014-05-18 08:56:16'),(485,7,'30342848A80AC040000000C3','660010110092','1','3','2014-05-18 08:56:20','2014-05-18 08:56:20'),(486,7,'30342848A80AA7C00000003A',NULL,'1','3','2014-05-18 08:56:29','2014-05-18 08:56:29'),(487,7,'30342848A80AC040000000C3','660010110092','1','3','2014-05-18 08:56:41','2014-05-18 08:56:41'),(488,7,'30342848A80AD74000000005','660010111013','1','3','2014-05-18 08:58:21','2014-05-18 08:58:21'),(489,7,'30342848A80AC0400000011C','660010110092','1','3','2014-05-18 08:58:24','2014-05-18 08:58:24'),(490,7,'30342848A80AC0400000011C','660010110092','1','3','2014-05-18 08:58:48','2014-05-18 08:58:48'),(491,7,'30342848A80AD74000000005','660010111013','1','3','2014-05-18 08:59:25','2014-05-18 08:59:25'),(492,7,'30342848A80AD74000000005','660010111013','3','1','2014-05-18 09:00:31','2014-05-18 09:00:31'),(493,7,'30342848A80AD74000000005','660010111013','1','3','2014-05-18 09:00:51','2014-05-18 09:00:51'),(494,7,'30342848A80AD74000000005','660010111013','1','3','2014-05-18 09:00:59','2014-05-18 09:00:59'),(495,7,'30342848A80AC040000000C3','660010110092','3','1','2014-05-18 09:01:08','2014-05-18 09:01:08'),(496,7,'30342848A80AC040000000C3','660010110092','3','1','2014-05-18 09:01:17','2014-05-18 09:01:17'),(497,7,'30342848A80AD74000000005','660010111013','1','3','2014-05-18 09:02:13','2014-05-18 09:02:13'),(498,7,'30342848A80AC040000000C3','660010110092','1','3','2014-05-18 09:02:44','2014-05-18 09:02:44'),(499,7,'30342848A80AC040000000C3','660010110092','3','1','2014-05-18 09:02:54','2014-05-18 09:02:54'),(500,7,'30342848A80AC040000000C3','660010110092','3','1','2014-05-18 09:03:32','2014-05-18 09:03:32'),(501,7,'30342848A80AC040000000C3','660010110092','1','3','2014-05-18 09:03:42','2014-05-18 09:03:42'),(502,7,'30342848A80AD74000000005','660010111013','3','1','2014-05-18 09:04:02','2014-05-18 09:04:02'),(503,7,'30342848A80AD74000000005','660010111013','1','3','2014-05-18 09:04:17','2014-05-18 09:04:17'),(504,7,'30342848A80AC040000000C3','660010110092','1','3','2014-05-18 09:04:19','2014-05-18 09:04:19'),(505,7,'30342848A80AD74000000005','660010111013','3','1','2014-05-18 09:04:32','2014-05-18 09:04:32'),(506,7,'30342848A80AD74000000005','660010111013','1','3','2014-05-18 09:04:54','2014-05-18 09:04:54'),(507,7,'30342848A80AD74000000005','660010111013','1','3','2014-05-18 09:05:43','2014-05-18 09:05:43'),(508,7,'30342848A80AC040000000C3','660010110092','3','1','2014-05-18 09:06:00','2014-05-18 09:06:00'),(509,7,'30342848A80AC040000000C3','660010110092','1','3','2014-05-18 09:06:20','2014-05-18 09:06:20'),(510,7,'30342848A80AC040000000C3','660010110092','3','1','2014-05-18 09:06:36','2014-05-18 09:06:36'),(511,7,'30342848A80AD74000000005','660010111013','3','1','2014-05-18 09:07:54','2014-05-18 09:07:54'),(512,7,'30342848A80AD74000000005','660010111013','1','3','2014-05-18 09:08:10','2014-05-18 09:08:10'),(513,7,'30342848A80AD74000000005','660010111013','1','3','2014-05-18 09:09:16','2014-05-18 09:09:16'),(514,7,'30342848A80AD74000000005','660010111013','3','1','2014-05-18 09:09:24','2014-05-18 09:09:24'),(515,7,'30342848A80AD74000000005','660010111013','1','3','2014-05-18 09:09:37','2014-05-18 09:09:37'),(516,7,'30342848A80AD74000000005','660010111013','1','3','2014-05-18 09:10:15','2014-05-18 09:10:15'),(517,7,'30342848A80AD74000000005','660010111013','3','1','2014-05-18 09:14:07','2014-05-18 09:14:07'),(518,7,'30342848A80AD74000000005','660010111013','3','1','2014-05-18 09:14:55','2014-05-18 09:14:55'),(519,7,'30342848A80AC0400000011C','660010110092','1','3','2014-05-18 09:16:02','2014-05-18 09:16:02'),(520,7,'30342848A80AD74000000005','660010111013','3','1','2014-05-18 09:17:00','2014-05-18 09:17:00'),(521,7,'30342848A80AD74000000005','660010111013','1','3','2014-05-18 09:17:44','2014-05-18 09:17:44'),(522,7,'30342848A80ABF8000000025','660010110061','2','4','2014-05-18 09:18:22','2014-05-18 09:18:22'),(523,7,'30342848A80AC040000000E1','660010110092','4','2','2014-05-18 09:18:23','2014-05-18 09:18:23'),(524,7,'30342848A80AD74000000005','660010111013','3','1','2014-05-18 09:23:09','2014-05-18 09:23:09'),(525,7,'30342848A80AD74000000005','660010111013','3','1','2014-05-18 09:27:18','2014-05-18 09:27:18'),(526,7,'30342848A80ABE4000000088',NULL,'2','1','2014-05-18 09:27:28','2014-05-18 09:27:28'),(527,7,'30342848A80AD74000000005','660010111013','1','3','2014-05-18 09:27:49','2014-05-18 09:27:49'),(528,7,'30342848A80AA6400000004C','660010109058','1','3','2014-05-18 09:29:04','2014-05-18 09:29:04'),(529,7,'30342848A80AA64000000057',NULL,'1','3','2014-05-18 09:29:05','2014-05-18 09:29:05'),(530,7,'30342848A80A73800000000C','660010107023','3','1','2014-05-18 09:29:16','2014-05-18 09:29:16'),(531,7,'30342848A80AA6400000004C','660010109058','3','1','2014-05-18 09:29:35','2014-05-18 09:29:35'),(532,7,'30342848A80A5A4000000019',NULL,'1','3','2014-05-18 09:34:49','2014-05-18 09:34:49'),(533,7,'30342848A80AC040000000D5','660010110092','4','3','2014-05-18 09:35:03','2014-05-18 09:35:03'),(534,7,'30342848A80AF28000000023','660010112102','4','1','2014-05-18 10:14:48','2014-05-18 10:14:48'),(535,7,'30342848A80ABE8000000031',NULL,'4','3','2014-05-18 10:20:38','2014-05-18 10:20:38'),(536,7,'30342848A80AC040000001DF',NULL,'4','3','2014-05-18 10:20:42','2014-05-18 10:20:42'),(537,7,'30342848A80AF1800000005C',NULL,'4','2','2014-05-18 10:22:55','2014-05-18 10:22:55'),(538,7,'30342848A80A8C4000000005','660010108013','2','3','2014-05-18 10:25:03','2014-05-18 10:25:03'),(539,7,'30342848A80AA60000000066',NULL,'4','3','2014-05-18 10:25:03','2014-05-18 10:25:03'),(540,7,'30342848A80A5A400000000B','660010106019','4','1','2014-05-18 10:25:03','2014-05-18 10:25:03'),(541,7,'30342848A80A5AC000000003','660010106033','4','1','2014-05-18 10:25:03','2014-05-18 10:25:03'),(542,7,'30342848A80AF08000000003','660010112027','4','1','2014-05-18 10:25:05','2014-05-18 10:25:05'),(543,7,'30342848A80B3B4000000012',NULL,'4','3','2014-05-18 10:25:06','2014-05-18 10:25:06'),(544,7,'30342848A80B3B4000000013',NULL,'2','1','2014-05-18 10:25:06','2014-05-18 10:25:06'),(545,7,'30342848A80B0B400000003B',NULL,'4','1','2014-05-18 10:25:06','2014-05-18 10:25:06'),(546,7,'30342848A80B0C0000000013',NULL,'4','1','2014-05-18 10:25:06','2014-05-18 10:25:06'),(547,7,'30342848A80AD7400000003A',NULL,'4','1','2014-05-18 10:25:06','2014-05-18 10:25:06'),(548,7,'30342848A80AD7400000003B',NULL,'2','1','2014-05-18 10:25:06','2014-05-18 10:25:06'),(549,7,'30342848A80A8C4000000002','660010108013','4','1','2014-05-18 10:25:06','2014-05-18 10:25:06'),(550,7,'30342848A80A738000000003','660010107023','2','1','2014-05-18 10:25:06','2014-05-18 10:25:06'),(551,7,'30342848A80AF0800000000A','660010112027','4','1','2014-05-18 10:25:07','2014-05-18 10:25:07'),(552,7,'30342848A80AF08000000002','660010112027','4','1','2014-05-18 10:25:07','2014-05-18 10:25:07'),(553,7,'30342848A80A5AC000000002','660010106033','4','1','2014-05-18 10:25:07','2014-05-18 10:25:07'),(554,7,'30342848A80AA60000000068',NULL,'4','3','2014-05-18 10:27:13','2014-05-18 10:27:13'),(555,7,'30342848A80AC0000000001B','660010110085','4','3','2014-05-18 10:27:14','2014-05-18 10:27:14'),(556,7,'30342848A80AA7C00000004D',NULL,'4','3','2014-05-18 10:27:14','2014-05-18 10:27:14'),(557,7,'30342848A80ABEC000000024',NULL,'4','3','2014-05-18 10:27:14','2014-05-18 10:27:14'),(558,7,'30342848A80ABE4000000071',NULL,'2','3','2014-05-18 10:27:14','2014-05-18 10:27:14'),(559,7,'30342848A80AA7C00000004C',NULL,'4','1','2014-05-18 10:27:14','2014-05-18 10:27:14'),(560,7,'30342848A80AC040000001C3',NULL,'4','1','2014-05-18 10:27:15','2014-05-18 10:27:15'),(561,7,'30342848A80AA60000000064',NULL,'4','1','2014-05-18 10:27:15','2014-05-18 10:27:15'),(562,7,'30342848A80AC040000001C2',NULL,'4','1','2014-05-18 10:27:15','2014-05-18 10:27:15'),(563,7,'30342848A80AA7C00000004A',NULL,'4','1','2014-05-18 10:27:15','2014-05-18 10:27:15'),(564,7,'30342848A80B0B4000000039',NULL,'2','1','2014-05-18 10:29:01','2014-05-18 10:29:01'),(565,7,'30342848A80A5A4000000019',NULL,'1','3','2014-05-18 10:29:13','2014-05-18 10:29:13'),(566,7,'30342848A80A5A4000000019',NULL,'3','1','2014-05-18 10:29:31','2014-05-18 10:29:31');
/*!40000 ALTER TABLE `event_log` ENABLE KEYS */;
UNLOCK TABLES;
/*!50003 SET @saved_cs_client      = @@character_set_client */ ;
/*!50003 SET @saved_cs_results     = @@character_set_results */ ;
/*!50003 SET @saved_col_connection = @@collation_connection */ ;
/*!50003 SET character_set_client  = utf8 */ ;
/*!50003 SET character_set_results = utf8 */ ;
/*!50003 SET collation_connection  = utf8_general_ci */ ;
/*!50003 SET @saved_sql_mode       = @@sql_mode */ ;
/*!50003 SET sql_mode              = '' */ ;
DELIMITER ;;
/*!50003 CREATE*/ /*!50017 DEFINER=`root`@`localhost`*/ /*!50003 TRIGGER tgr_event_log
BEFORE INSERT ON event_log
FOR EACH ROW
BEGIN
DECLARE upc1 VARCHAR(48);
select max(upc) INTO upc1 from tags_mappings where tag=NEW.tag;
SET NEW.upc=upc1;
update tags_mappings set deleted_at=if(((NEW.antenna_in="1" or NEW.antenna_in="2" or NEW.antenna_in="3") and (NEW.antenna_out="2" or NEW.antenna_out="4")),CURRENT_TIMESTAMP,null) where tag=NEW.tag and upc=NEW.upc;

END */;;
DELIMITER ;
/*!50003 SET sql_mode              = @saved_sql_mode */ ;
/*!50003 SET character_set_client  = @saved_cs_client */ ;
/*!50003 SET character_set_results = @saved_cs_results */ ;
/*!50003 SET collation_connection  = @saved_col_connection */ ;

--
-- Table structure for table `journey_events`
--

DROP TABLE IF EXISTS `journey_events`;
/*!40101 SET @saved_cs_client     = @@character_set_client */;
/*!40101 SET character_set_client = utf8 */;
CREATE TABLE `journey_events` (
  `id` int(10) unsigned NOT NULL AUTO_INCREMENT,
  `event_name` varchar(150) COLLATE utf8_unicode_ci NOT NULL,
  `description` varchar(255) COLLATE utf8_unicode_ci DEFAULT NULL,
  `started_at` datetime NOT NULL,
  `finished_at` datetime DEFAULT NULL,
  `active` tinyint(1) NOT NULL DEFAULT '0',
  `created_at` timestamp NOT NULL DEFAULT '0000-00-00 00:00:00',
  `updated_at` timestamp NOT NULL DEFAULT '0000-00-00 00:00:00',
  PRIMARY KEY (`id`)
) ENGINE=InnoDB AUTO_INCREMENT=8 DEFAULT CHARSET=utf8 COLLATE=utf8_unicode_ci;
/*!40101 SET character_set_client = @saved_cs_client */;

--
-- Dumping data for table `journey_events`
--

LOCK TABLES `journey_events` WRITE;
/*!40000 ALTER TABLE `journey_events` DISABLE KEYS */;
INSERT INTO `journey_events` VALUES (1,'Test Event','Event Name','2014-04-21 12:00:00','2014-04-21 12:00:00',0,'2014-04-26 16:54:44','2014-04-26 16:54:44'),(2,'Evento 26-04-2014 08:34 PM',NULL,'2014-04-26 20:34:50','2014-04-27 06:27:08',0,'2014-04-27 01:34:50','2014-04-27 01:34:50'),(3,'Evento 03-05-2014 11:38 AM',NULL,'2014-05-03 11:38:31','2014-05-03 23:38:11',0,'2014-05-03 16:38:31','2014-05-03 16:38:31'),(4,'Evento 03-05-2014 11:40 PM',NULL,'2014-05-03 23:40:07','2014-05-04 06:18:13',0,'2014-05-04 04:40:07','2014-05-04 04:40:07'),(5,'Evento 10-05-2014 10:18 PM',NULL,'2014-05-10 22:18:34','2014-05-10 22:40:18',0,'2014-05-11 03:18:34','2014-05-11 03:18:34'),(6,'Evento 15-05-2014 07:14 PM',NULL,'2014-05-15 19:14:28','2014-05-15 19:22:56',0,'2014-05-16 00:14:28','2014-05-16 00:14:28'),(7,'Evento 17-05-2014 08:21 PM',NULL,'2014-05-17 20:21:01',NULL,1,'2014-05-18 01:21:01','2014-05-18 01:21:01');
/*!40000 ALTER TABLE `journey_events` ENABLE KEYS */;
UNLOCK TABLES;

--
-- Table structure for table `migrations`
--

DROP TABLE IF EXISTS `migrations`;
/*!40101 SET @saved_cs_client     = @@character_set_client */;
/*!40101 SET character_set_client = utf8 */;
CREATE TABLE `migrations` (
  `migration` varchar(255) COLLATE utf8_unicode_ci NOT NULL,
  `batch` int(11) NOT NULL
) ENGINE=InnoDB DEFAULT CHARSET=utf8 COLLATE=utf8_unicode_ci;
/*!40101 SET character_set_client = @saved_cs_client */;

--
-- Dumping data for table `migrations`
--

LOCK TABLES `migrations` WRITE;
/*!40000 ALTER TABLE `migrations` DISABLE KEYS */;
INSERT INTO `migrations` VALUES ('2014_04_21_224005_create_users_table',1),('2014_04_22_003445_create_products_table',1),('2014_04_22_003958_create_tags_mappings_table',1),('2014_04_22_004000_create_journey_events_table',1),('2014_04_22_004314_create_event_log_table',1);
/*!40000 ALTER TABLE `migrations` ENABLE KEYS */;
UNLOCK TABLES;

--
-- Table structure for table `products`
--

DROP TABLE IF EXISTS `products`;
/*!40101 SET @saved_cs_client     = @@character_set_client */;
/*!40101 SET character_set_client = utf8 */;
CREATE TABLE `products` (
  `id` int(10) unsigned NOT NULL AUTO_INCREMENT,
  `upc` varchar(100) COLLATE utf8_unicode_ci NOT NULL,
  `product_name` varchar(100) COLLATE utf8_unicode_ci NOT NULL,
  `created_at` timestamp NOT NULL DEFAULT '0000-00-00 00:00:00',
  `updated_at` timestamp NOT NULL DEFAULT '0000-00-00 00:00:00',
  `deleted_at` timestamp NULL DEFAULT NULL,
  PRIMARY KEY (`id`),
  KEY `p_upc_index` (`upc`)
) ENGINE=InnoDB AUTO_INCREMENT=80 DEFAULT CHARSET=utf8 COLLATE=utf8_unicode_ci;
/*!40101 SET character_set_client = @saved_cs_client */;

--
-- Dumping data for table `products`
--

LOCK TABLES `products` WRITE;
/*!40000 ALTER TABLE `products` DISABLE KEYS */;
INSERT INTO `products` VALUES (1,'660010110023','Appleton Estate','2014-04-26 16:54:36','2014-04-26 16:54:36',NULL),(2,'660010110016','Appleton Especial','2014-04-26 16:54:36','2014-04-26 16:54:36',NULL),(3,'660010110030','Appleton White','2014-04-26 16:54:36','2014-04-26 16:54:36',NULL),(4,'660010110054','Appleton 12','2014-04-26 16:54:36','2014-04-26 16:54:36',NULL),(5,'660010110078','Matusalen Clsico','2014-04-26 16:54:36','2014-04-26 16:54:36',NULL),(6,'660010110061','Matusalen Platino','2014-04-26 16:54:36','2014-04-26 16:54:36',NULL),(7,'660010110085','Matusalen Gran Reserva','2014-04-26 16:54:36','2014-04-26 16:54:36',NULL),(8,'660010110221','Flor de Caa','2014-04-26 16:54:36','2014-04-26 16:54:36',NULL),(9,'660010110092','Bacardi Blanco','2014-04-26 16:54:36','2014-04-26 16:54:36',NULL),(10,'660010109041','Smirnoff','2014-04-26 16:54:36','2014-04-26 16:54:36',NULL),(11,'660010109058','Stolichnaya','2014-04-26 16:54:36','2014-04-26 16:54:36',NULL),(12,'660010109072','Stolichnaya Gold','2014-04-26 16:54:36','2014-04-26 16:54:36',NULL),(13,'660010109119','Finlandia','2014-04-26 16:54:36','2014-04-26 16:54:36',NULL),(14,'660010109010','Finlandia Cranberry','2014-04-26 16:54:36','2014-04-26 16:54:36',NULL),(15,'660010109034','Finlandia Mango','2014-04-26 16:54:36','2014-04-26 16:54:36',NULL),(16,'660010109027','Finlandia Lime','2014-04-26 16:54:36','2014-04-26 16:54:36',NULL),(17,'660010107023','Torres X','2014-04-26 16:54:36','2014-04-26 16:54:36',NULL),(18,'660010107016','Azteca de Oro','2014-04-26 16:54:36','2014-04-26 16:54:36',NULL),(19,'660010112027','Jack Daniel\'s','2014-04-26 16:54:36','2014-04-26 16:54:36',NULL),(20,'660010112171','Jack Daniel\'s Honey','2014-04-26 16:54:36','2014-04-26 16:54:36',NULL),(21,'660010112065','Reb Label','2014-04-26 16:54:36','2014-04-26 16:54:36',NULL),(22,'660010112072','Black Label','2014-04-26 16:54:36','2014-04-26 16:54:36',NULL),(23,'660010112102','Buchannas 12','2014-04-26 16:54:36','2014-04-26 16:54:36',NULL),(24,'660010113093','Jimador Reposado','2014-04-26 16:54:36','2014-04-26 16:54:36',NULL),(25,'660010113116','Jimador Aejo','2014-04-26 16:54:36','2014-04-26 16:54:36',NULL),(26,'660010113109','Jimador Blanco ','2014-04-26 16:54:36','2014-04-26 16:54:36',NULL),(27,'660010113130','Tradicional Reposado','2014-04-26 16:54:36','2014-04-26 16:54:36',NULL),(28,'660010113154','Jimador Blanco 700ml','2014-04-26 16:54:36','2014-04-26 16:54:36',NULL),(29,'660010113147','Tradicional Plata','2014-04-26 16:54:36','2014-04-26 16:54:36',NULL),(30,'660010113123','Azul Centenario','2014-04-26 16:54:36','2014-04-26 16:54:36',NULL),(31,'660010113048','Herradura Reposado','2014-04-26 16:54:36','2014-04-26 16:54:36',NULL),(32,'660010113031','Herradura Aejo','2014-04-26 16:54:36','2014-04-26 16:54:36',NULL),(33,'660010113055','Herradura Plata','2014-04-26 16:54:36','2014-04-26 16:54:36',NULL),(34,'660010113086','Herradura Antiguo Reposado','2014-04-26 16:54:36','2014-04-26 16:54:36',NULL),(35,'660010113062','Herradura Antiguo Aejo','2014-04-26 16:54:36','2014-04-26 16:54:36',NULL),(36,'660010113079','Herradura Antiguo Blanco','2014-04-26 16:54:37','2014-04-26 16:54:37',NULL),(37,'660010106026','Hipnotiq','2014-04-26 16:54:37','2014-04-26 16:54:37',NULL),(38,'660010106019','Jagermeister','2014-04-26 16:54:37','2014-04-26 16:54:37',NULL),(39,'660010106033','Baileys','2014-04-26 16:54:37','2014-04-26 16:54:37',NULL),(40,'660010106095','Licor 43','2014-04-26 16:54:37','2014-04-26 16:54:37',NULL),(41,'660010110108','Malibu','2014-04-26 16:54:37','2014-04-26 16:54:37',NULL),(42,'660010115011','Conti','2014-04-26 16:54:37','2014-04-26 16:54:37',NULL),(43,'660010115028','Kalhua','2014-04-26 16:54:37','2014-04-26 16:54:37',NULL),(44,'660010106057','Absthin Rojo','2014-04-26 16:54:37','2014-04-26 16:54:37',NULL),(45,'660010106040','Absthin Verde','2014-04-26 16:54:37','2014-04-26 16:54:37',NULL),(46,'660010108013','Martell VS ','2014-04-26 16:54:37','2014-04-26 16:54:37',NULL),(47,'660010118128','Jack Daniel\'s Sinatra','2014-04-26 16:54:37','2014-04-26 16:54:37',NULL),(48,'660010110047','Appleton 21','2014-04-26 16:54:37','2014-04-26 16:54:37',NULL),(49,'660010109065','Stolichnaya Elite','2014-04-26 16:54:37','2014-04-26 16:54:37',NULL),(50,'660010107030','Torres 20','2014-04-26 16:54:37','2014-04-26 16:54:37',NULL),(51,'660010107047','Torres Jaime','2014-04-26 16:54:37','2014-04-26 16:54:37',NULL),(52,'660010112034','Jack Daniel\'s Gentleman','2014-04-26 16:54:37','2014-04-26 16:54:37',NULL),(53,'660010112041','Jack Daniel\'s Singler Barrel','2014-04-26 16:54:37','2014-04-26 16:54:37',NULL),(54,'660010112058','Jack Daniel\'s 3000','2014-04-26 16:54:37','2014-04-26 16:54:37',NULL),(55,'660010112096','Blue Label','2014-04-26 16:54:37','2014-04-26 16:54:37',NULL),(56,'660010113017','Herradura Seleccin Suprema','2014-04-26 16:54:37','2014-04-26 16:54:37',NULL),(57,'660010113024','Herradura Gran Imperio','2014-04-26 16:54:37','2014-04-26 16:54:37',NULL),(58,'660010108020','Hennesy V.S.O.P.','2014-04-26 16:54:37','2014-04-26 16:54:37',NULL),(59,'660010108037','Hennesy X.O.','2014-04-26 16:54:37','2014-04-26 16:54:37',NULL),(60,'660010108044','Baby Moet','2014-04-26 16:54:37','2014-04-26 16:54:37',NULL),(61,'660010111013','Moet Chandon','2014-04-26 16:54:37','2014-04-26 16:54:37',NULL),(62,'660010111020','Cristal','2014-04-26 16:54:37','2014-04-26 16:54:37',NULL),(63,'660010111044','Moet Ice','2014-04-26 16:54:37','2014-04-26 16:54:37',NULL),(64,'660010111037','Moet Chandon Imperial 3000','2014-04-26 16:54:37','2014-04-26 16:54:37',NULL),(65,'660010111051','Licor de Manzana','2014-04-26 16:54:37','2014-04-26 16:54:37',NULL),(66,'660010106156','Controy','2014-04-26 16:54:37','2014-04-26 16:54:37',NULL),(67,'660010106217','Licor de Durazno','2014-04-26 16:54:37','2014-04-26 16:54:37',NULL),(68,'660010106224','Licor de Curazao','2014-04-26 16:54:37','2014-04-26 16:54:37',NULL),(69,'660010106248','Licor de Menta Verde','2014-04-26 16:54:37','2014-04-26 16:54:37',NULL),(70,'660010106255','Licor de Naranja','2014-04-26 16:54:37','2014-04-26 16:54:37',NULL),(71,'660010106231','Licor de Meln','2014-04-26 16:54:37','2014-04-26 16:54:37',NULL),(72,'660010106262','Licor de Pltano ','2014-04-26 16:54:37','2014-04-26 16:54:37',NULL),(73,'660010106279','Licor de Fresa','2014-04-26 16:54:37','2014-04-26 16:54:37',NULL),(74,'660010106200','Licor de Caf','2014-04-26 16:54:37','2014-04-26 16:54:37',NULL),(75,'660010106163','Licor de Almendra','2014-04-26 16:54:37','2014-04-26 16:54:37',NULL),(76,'660010106170','Licor de Cacao Obscuro','2014-04-26 16:54:37','2014-04-26 16:54:37',NULL),(77,'660010106286','Rompope ','2014-04-26 16:54:37','2014-04-26 16:54:37',NULL),(78,'660010106187','Licor de Coco','2014-04-26 16:54:37','2014-04-26 16:54:37',NULL),(79,'660010120213','Jack Daniel\'s Distiller','2014-05-03 19:45:00','2014-05-03 19:45:00',NULL);
/*!40000 ALTER TABLE `products` ENABLE KEYS */;
UNLOCK TABLES;

--
-- Table structure for table `tags_mappings`
--

DROP TABLE IF EXISTS `tags_mappings`;
/*!40101 SET @saved_cs_client     = @@character_set_client */;
/*!40101 SET character_set_client = utf8 */;
CREATE TABLE `tags_mappings` (
  `id` int(10) unsigned NOT NULL AUTO_INCREMENT,
  `tag` varchar(48) COLLATE utf8_unicode_ci NOT NULL,
  `upc` varchar(100) COLLATE utf8_unicode_ci NOT NULL,
  `created_at` timestamp NOT NULL DEFAULT '0000-00-00 00:00:00',
  `updated_at` timestamp NOT NULL DEFAULT '0000-00-00 00:00:00',
  `deleted_at` timestamp NULL DEFAULT NULL,
  PRIMARY KEY (`id`)
) ENGINE=InnoDB AUTO_INCREMENT=837 DEFAULT CHARSET=utf8 COLLATE=utf8_unicode_ci;
/*!40101 SET character_set_client = @saved_cs_client */;

--
-- Dumping data for table `tags_mappings`
--

LOCK TABLES `tags_mappings` WRITE;
/*!40000 ALTER TABLE `tags_mappings` DISABLE KEYS */;
INSERT INTO `tags_mappings` VALUES (1,'30342848A80A5A4000000007','660010106019','2014-05-04 02:59:34','2014-05-04 02:59:34','2014-05-04 03:02:52'),(2,'30342848A80A5A4000000015','660010106019','2014-05-04 02:59:34','2014-05-04 02:59:34',NULL),(3,'30342848A80A5A4000000008','660010106019','2014-05-04 02:59:34','2014-05-04 02:59:34',NULL),(4,'30342848A80A5A4000000002','660010106019','2014-05-04 02:59:34','2014-05-04 02:59:34','2014-05-18 05:55:28'),(5,'30342848A80A5A400000000F','660010106019','2014-05-04 02:59:34','2014-05-04 02:59:34',NULL),(6,'30342848A80A5A4000000003','660010106019','2014-05-04 02:59:34','2014-05-04 02:59:34',NULL),(7,'30342848A80A5A4000000014','660010106019','2014-05-04 02:59:34','2014-05-04 02:59:34',NULL),(8,'30342848A80A5A400000000A','660010106019','2014-05-04 02:59:34','2014-05-04 02:59:34','2014-05-04 03:02:53'),(9,'30342848A80AF0800000001D','660010106019','2014-05-04 02:59:34','2014-05-04 02:59:34',NULL),(10,'30342848A80A5A400000000B','660010106019','2014-05-04 02:59:34','2014-05-04 02:59:34',NULL),(11,'30342848A80A5A400000000E','660010106019','2014-05-04 02:59:35','2014-05-04 02:59:35',NULL),(12,'30342848A80AA64000000045','660010106019','2014-05-04 02:59:35','2014-05-04 02:59:35',NULL),(13,'30342848A80A5A4000000005','660010106019','2014-05-04 02:59:35','2014-05-04 02:59:35',NULL),(14,'30342848A80A5A4000000010','660010106019','2014-05-04 02:59:35','2014-05-04 02:59:35','2014-05-04 04:40:07'),(15,'30342848A80AA64000000037','660010106019','2014-05-04 02:59:35','2014-05-04 02:59:35',NULL),(16,'30342848A80A5A4000000006','660010106019','2014-05-04 02:59:35','2014-05-04 02:59:35',NULL),(17,'30342848A80A5A4000000016','660010106019','2014-05-04 02:59:35','2014-05-04 02:59:35',NULL),(18,'30342848A80A5A4000000013','660010106019','2014-05-04 02:59:35','2014-05-04 02:59:35',NULL),(19,'30342848A80A5A4000000011','660010106019','2014-05-04 02:59:35','2014-05-04 02:59:35',NULL),(20,'30342848A80A5A4000000012','660010106019','2014-05-04 02:59:35','2014-05-04 02:59:35',NULL),(21,'30342848A80AD7C000000005','660010106026','2014-05-04 02:59:35','2014-05-04 02:59:35',NULL),(22,'30342848A80A5A8000000006','660010106026','2014-05-04 02:59:35','2014-05-04 02:59:35',NULL),(23,'30342848A80A5A800000000E','660010106026','2014-05-04 02:59:35','2014-05-04 02:59:35',NULL),(24,'30342848A80AA60000000037','660010106026','2014-05-04 02:59:35','2014-05-04 02:59:35',NULL),(25,'30342848A80A5A8000000002','660010106026','2014-05-04 02:59:35','2014-05-04 02:59:35',NULL),(26,'30342848A80B0B8000000009','660010106026','2014-05-04 02:59:35','2014-05-04 02:59:35',NULL),(27,'30342848A80A5A8000000017','660010106026','2014-05-04 02:59:35','2014-05-04 02:59:35',NULL),(28,'30342848A80A5A800000000A','660010106026','2014-05-04 02:59:35','2014-05-04 02:59:35',NULL),(29,'30342848A80A5A8000000007','660010106026','2014-05-04 02:59:35','2014-05-04 02:59:35',NULL),(30,'30342848A80A5A8000000008','660010106026','2014-05-04 02:59:35','2014-05-04 02:59:35',NULL),(31,'30342848A80A5A800000000F','660010106026','2014-05-04 02:59:35','2014-05-04 02:59:35',NULL),(32,'30342848A80A734000000009','660010106026','2014-05-04 02:59:35','2014-05-04 02:59:35',NULL),(33,'30342848A80A5A800000000C','660010106026','2014-05-04 02:59:35','2014-05-04 02:59:35',NULL),(34,'30342848A80A5A8000000009','660010106026','2014-05-04 02:59:35','2014-05-04 02:59:35',NULL),(35,'30342848A80A5A8000000003','660010106026','2014-05-04 02:59:35','2014-05-04 02:59:35',NULL),(36,'30342848A80A5A8000000015','660010106026','2014-05-04 02:59:35','2014-05-04 02:59:35',NULL),(37,'30342848A80A5A8000000013','660010106026','2014-05-04 02:59:35','2014-05-04 02:59:35',NULL),(38,'30342848A80A5A8000000010','660010106026','2014-05-04 02:59:35','2014-05-04 02:59:35',NULL),(39,'30342848A80A5A8000000012','660010106026','2014-05-04 02:59:35','2014-05-04 02:59:35','2014-05-04 04:29:54'),(40,'30342848A80ABE4000000047','660010106026','2014-05-04 02:59:35','2014-05-04 02:59:35',NULL),(41,'30342848A80A5AC000000005','660010106033','2014-05-04 02:59:35','2014-05-04 02:59:35',NULL),(42,'30342848A80A5AC000000006','660010106033','2014-05-04 02:59:35','2014-05-04 02:59:35','2014-05-04 03:02:53'),(43,'30342848A80A5AC000000003','660010106033','2014-05-04 02:59:35','2014-05-04 02:59:35',NULL),(44,'30342848A80A5AC000000002','660010106033','2014-05-04 02:59:35','2014-05-04 02:59:35',NULL),(45,'30342848A80A5B0000000002','660010106040','2014-05-04 02:59:35','2014-05-04 02:59:35',NULL),(46,'30342848A80A5B0000000003','660010106040','2014-05-04 02:59:35','2014-05-04 02:59:35',NULL),(47,'30342848A80A5B0000000005','660010106040','2014-05-04 02:59:35','2014-05-04 02:59:35',NULL),(48,'30342848A80A5B0000000006','660010106040','2014-05-04 02:59:35','2014-05-04 02:59:35',NULL),(49,'30342848A80A5B0000000004','660010106040','2014-05-04 02:59:36','2014-05-04 02:59:36',NULL),(50,'30342848A80A5B0000000007','660010106040','2014-05-04 02:59:36','2014-05-04 02:59:36',NULL),(51,'30342848A80A5B4000000004','660010106057','2014-05-04 02:59:36','2014-05-04 02:59:36',NULL),(52,'30342848A80A5C4000000003','660010106095','2014-05-04 02:59:36','2014-05-04 02:59:36',NULL),(53,'30342848A80A5C4000000004','660010106095','2014-05-04 02:59:36','2014-05-04 02:59:36',NULL),(54,'30342848A80A5C4000000002','660010106095','2014-05-04 02:59:36','2014-05-04 02:59:36',NULL),(55,'30342848A80A73400000000E','660010107016','2014-05-04 02:59:36','2014-05-04 02:59:36','2014-05-18 05:48:10'),(56,'30342848A80A73400000000A','660010107016','2014-05-04 02:59:36','2014-05-04 02:59:36','2014-05-04 03:13:13'),(57,'30342848A80A734000000006','660010107016','2014-05-04 02:59:36','2014-05-04 02:59:36',NULL),(58,'30342848A80A734000000007','660010107016','2014-05-04 02:59:36','2014-05-04 02:59:36',NULL),(59,'30342848A80A73400000000C','660010107016','2014-05-04 02:59:36','2014-05-04 02:59:36','2014-05-04 03:13:13'),(60,'30342848A80A73400000000B','660010107016','2014-05-04 02:59:36','2014-05-04 02:59:36',NULL),(61,'30342848A80A73400000000F','660010107016','2014-05-04 02:59:36','2014-05-04 02:59:36',NULL),(62,'30342848A80A734000000003','660010107016','2014-05-04 02:59:36','2014-05-04 02:59:36',NULL),(63,'30342848A80A73400000000D','660010107016','2014-05-04 02:59:36','2014-05-04 02:59:36',NULL),(64,'30342848A80A73800000000D','660010107023','2014-05-04 02:59:36','2014-05-04 02:59:36',NULL),(65,'30342848A80A73800000000F','660010107023','2014-05-04 02:59:36','2014-05-04 02:59:36',NULL),(66,'30342848A80A738000000014','660010107023','2014-05-04 02:59:36','2014-05-04 02:59:36','2014-05-18 05:19:03'),(67,'30342848A80A738000000008','660010107023','2014-05-04 02:59:36','2014-05-04 02:59:36','2014-05-18 06:04:20'),(68,'30342848A80A738000000010','660010107023','2014-05-04 02:59:36','2014-05-04 02:59:36','2014-05-18 06:26:01'),(69,'30342848A80A73800000000E','660010107023','2014-05-04 02:59:36','2014-05-04 02:59:36',NULL),(70,'30342848A80AF44000000012','660010107023','2014-05-04 02:59:36','2014-05-04 02:59:36','2014-05-04 03:02:53'),(71,'30342848A80A738000000007','660010107023','2014-05-04 02:59:36','2014-05-04 02:59:36','2014-05-18 07:13:44'),(72,'30342848A80A738000000011','660010107023','2014-05-04 02:59:36','2014-05-04 02:59:36',NULL),(73,'30342848A80A738000000003','660010107023','2014-05-04 02:59:36','2014-05-04 02:59:36',NULL),(74,'30342848A80A738000000012','660010107023','2014-05-04 02:59:36','2014-05-04 02:59:36',NULL),(75,'30342848A80A738000000017','660010107023','2014-05-04 02:59:36','2014-05-04 02:59:36',NULL),(76,'30342848A80A738000000016','660010107023','2014-05-04 02:59:36','2014-05-04 02:59:36',NULL),(77,'30342848A80A738000000013','660010107023','2014-05-04 02:59:36','2014-05-04 02:59:36',NULL),(78,'30342848A80A73800000000A','660010107023','2014-05-04 02:59:36','2014-05-04 02:59:36','2014-05-04 06:21:44'),(79,'30342848A80A738000000002','660010107023','2014-05-04 02:59:36','2014-05-04 02:59:36',NULL),(80,'30342848A80A738000000004','660010107023','2014-05-04 02:59:36','2014-05-04 02:59:36',NULL),(81,'30342848A80A738000000019','660010107023','2014-05-04 02:59:36','2014-05-04 02:59:36','2014-05-04 03:13:12'),(82,'30342848A80A738000000009','660010107023','2014-05-04 02:59:36','2014-05-04 02:59:36',NULL),(83,'30342848A80A73800000000C','660010107023','2014-05-04 02:59:36','2014-05-04 02:59:36',NULL),(84,'30342848A80A73C000000003','660010107030','2014-05-04 02:59:36','2014-05-04 02:59:36',NULL),(85,'30342848A80A73C000000006','660010107030','2014-05-04 02:59:37','2014-05-04 02:59:37','2014-05-04 04:10:13'),(86,'30342848A80A73C000000005','660010107030','2014-05-04 02:59:37','2014-05-04 02:59:37',NULL),(87,'30342848A80A73C000000002','660010107030','2014-05-04 02:59:37','2014-05-04 02:59:37',NULL),(88,'30342848A80A73C000000004','660010107030','2014-05-04 02:59:37','2014-05-04 02:59:37',NULL),(89,'30342848A80A740000000002','660010107047','2014-05-04 02:59:37','2014-05-04 02:59:37',NULL),(90,'30342848A80A740000000004','660010107047','2014-05-04 02:59:37','2014-05-04 02:59:37',NULL),(91,'30342848A80A8C4000000008','660010108013','2014-05-04 02:59:37','2014-05-04 02:59:37',NULL),(92,'30342848A80A8C4000000004','660010108013','2014-05-04 02:59:37','2014-05-04 02:59:37',NULL),(93,'30342848A80A8C4000000006','660010108013','2014-05-04 02:59:37','2014-05-04 02:59:37',NULL),(94,'30342848A80A8C4000000005','660010108013','2014-05-04 02:59:37','2014-05-04 02:59:37',NULL),(95,'30342848A80A8C4000000002','660010108013','2014-05-04 02:59:37','2014-05-04 02:59:37',NULL),(96,'30342848A80A8C4000000003','660010108013','2014-05-04 02:59:37','2014-05-04 02:59:37',NULL),(97,'30342848A80A8C8000000009','660010108020','2014-05-04 02:59:37','2014-05-04 02:59:37',NULL),(98,'30342848A80A8C8000000008','660010108020','2014-05-04 02:59:37','2014-05-04 02:59:37',NULL),(99,'30342848A80A8C8000000007','660010108020','2014-05-04 02:59:37','2014-05-04 02:59:37',NULL),(100,'30342848A80A8C8000000005','660010108020','2014-05-04 02:59:37','2014-05-04 02:59:37',NULL),(101,'30342848A80A8C8000000006','660010108020','2014-05-04 02:59:37','2014-05-04 02:59:37',NULL),(102,'30342848A80A8CC000000003','660010108037','2014-05-04 02:59:37','2014-05-04 02:59:37',NULL),(103,'30342848A80A8CC000000002','660010108037','2014-05-04 02:59:37','2014-05-04 02:59:37',NULL),(104,'30342848A80AA54000000014','660010109010','2014-05-04 02:59:37','2014-05-04 02:59:37','2014-05-04 03:13:14'),(105,'30342848A80ABE4000000047','660010109010','2014-05-04 02:59:37','2014-05-04 02:59:37',NULL),(106,'30342848A80AA5400000001D','660010109010','2014-05-04 02:59:37','2014-05-04 02:59:37',NULL),(107,'30342848A80AA5400000001F','660010109010','2014-05-04 02:59:37','2014-05-04 02:59:37',NULL),(108,'30342848A80AA5400000001E','660010109010','2014-05-04 02:59:37','2014-05-04 02:59:37',NULL),(109,'30342848A80AA54000000018','660010109010','2014-05-04 02:59:37','2014-05-04 02:59:37','2014-05-04 03:13:14'),(110,'30342848A80AA5400000000B','660010109010','2014-05-04 02:59:37','2014-05-04 02:59:37',NULL),(111,'30342848A80AA54000000016','660010109010','2014-05-04 02:59:37','2014-05-04 02:59:37',NULL),(112,'30342848A80AA54000000019','660010109010','2014-05-04 02:59:37','2014-05-04 02:59:37',NULL),(113,'30342848A80AA54000000017','660010109010','2014-05-04 02:59:37','2014-05-04 02:59:37','2014-05-04 09:52:03'),(114,'30342848A80A5A800000001A','660010109010','2014-05-04 02:59:37','2014-05-04 02:59:37','2014-05-04 04:24:42'),(115,'30342848A80AA54000000015','660010109010','2014-05-04 02:59:37','2014-05-04 02:59:37',NULL),(116,'30342848A80AA5400000001C','660010109010','2014-05-04 02:59:37','2014-05-04 02:59:37',NULL),(117,'30342848A80AA54000000011','660010109010','2014-05-04 02:59:37','2014-05-04 02:59:37',NULL),(118,'30342848A80AA54000000005','660010109010','2014-05-04 02:59:37','2014-05-04 02:59:37',NULL),(119,'30342848A80AA5400000001B','660010109010','2014-05-04 02:59:38','2014-05-04 02:59:38',NULL),(120,'30342848A80AA5400000001A','660010109010','2014-05-04 02:59:38','2014-05-04 02:59:38','2014-05-04 03:13:14'),(121,'30342848A80AA54000000012','660010109010','2014-05-04 02:59:38','2014-05-04 02:59:38',NULL),(122,'30342848A80AA58000000004','660010109027','2014-05-04 02:59:38','2014-05-04 02:59:38','2014-05-04 04:44:48'),(123,'30342848A80AA58000000005','660010109027','2014-05-04 02:59:38','2014-05-04 02:59:38',NULL),(124,'30342848A80AA58000000002','660010109027','2014-05-04 02:59:38','2014-05-04 02:59:38',NULL),(125,'30342848A80AA58000000006','660010109027','2014-05-04 02:59:38','2014-05-04 02:59:38',NULL),(126,'30342848A80AA58000000008','660010109027','2014-05-04 02:59:38','2014-05-04 02:59:38',NULL),(127,'30342848A80AF1C00000001C','660010109027','2014-05-04 02:59:38','2014-05-04 02:59:38',NULL),(128,'30342848A80AA5C000000003','660010109034','2014-05-04 02:59:38','2014-05-04 02:59:38',NULL),(129,'30342848A80AA5C000000006','660010109034','2014-05-04 02:59:38','2014-05-04 02:59:38',NULL),(130,'30342848A80AA5C000000007','660010109034','2014-05-04 02:59:38','2014-05-04 02:59:38','2014-05-04 03:14:36'),(131,'30342848A80AA5C000000008','660010109034','2014-05-04 02:59:38','2014-05-04 02:59:38','2014-05-04 04:58:28'),(132,'30342848A80AA5C000000005','660010109034','2014-05-04 02:59:38','2014-05-04 02:59:38',NULL),(133,'30342848A80AA5C000000009','660010109034','2014-05-04 02:59:38','2014-05-04 02:59:38',NULL),(134,'30342848A80AA5C00000000B','660010109034','2014-05-04 02:59:38','2014-05-04 02:59:38',NULL),(135,'30342848A80AA5C00000000A','660010109034','2014-05-04 02:59:38','2014-05-04 02:59:38','2014-05-04 05:12:29'),(136,'30342848A80AA5C000000002','660010109034','2014-05-04 02:59:38','2014-05-04 02:59:38','2014-05-04 05:17:08'),(137,'30342848A80AA6000000003B','660010109041','2014-05-04 02:59:38','2014-05-04 02:59:38',NULL),(138,'30342848A80AA60000000039','660010109041','2014-05-04 02:59:38','2014-05-04 02:59:38','2014-05-04 05:44:58'),(139,'30342848A80AA60000000031','660010109041','2014-05-04 02:59:38','2014-05-04 02:59:38',NULL),(140,'30342848A80AA6000000002C','660010109041','2014-05-04 02:59:38','2014-05-04 02:59:38','2014-05-04 05:29:15'),(141,'30342848A80AA60000000027','660010109041','2014-05-04 02:59:38','2014-05-04 02:59:38','2014-05-04 05:09:42'),(142,'30342848A80AA6000000003F','660010109041','2014-05-04 02:59:38','2014-05-04 02:59:38',NULL),(143,'30342848A80AA6000000003D','660010109041','2014-05-04 02:59:38','2014-05-04 02:59:38','2014-05-04 05:52:11'),(144,'30342848A80AA60000000040','660010109041','2014-05-04 02:59:38','2014-05-04 02:59:38','2014-05-04 06:12:57'),(145,'30342848A80AA6000000003E','660010109041','2014-05-04 02:59:38','2014-05-04 02:59:38','2014-05-04 03:14:31'),(146,'30342848A80AA60000000033','660010109041','2014-05-04 02:59:38','2014-05-04 02:59:38',NULL),(147,'30342848A80AA60000000032','660010109041','2014-05-04 02:59:38','2014-05-04 02:59:38',NULL),(148,'30342848A80AF18000000007','660010109041','2014-05-04 02:59:38','2014-05-04 02:59:38',NULL),(149,'30342848A80AF1800000004B','660010109041','2014-05-04 02:59:38','2014-05-04 02:59:38','2014-05-04 04:54:18'),(150,'30342848A80AA60000000044','660010109041','2014-05-04 02:59:38','2014-05-04 02:59:38','2014-05-04 04:44:08'),(151,'30342848A80AF1800000002D','660010109041','2014-05-04 02:59:38','2014-05-04 02:59:38',NULL),(152,'30342848A80AA6000000002E','660010109041','2014-05-04 02:59:39','2014-05-04 02:59:39',NULL),(153,'30342848A80AF1800000004C','660010109041','2014-05-04 02:59:39','2014-05-04 02:59:39','2014-05-04 05:37:58'),(154,'30342848A80AF1800000003B','660010109041','2014-05-04 02:59:39','2014-05-04 02:59:39','2014-05-04 05:37:56'),(155,'30342848A80AA6000000003C','660010109041','2014-05-04 02:59:39','2014-05-04 02:59:39',NULL),(156,'30342848A80AF1800000003D','660010109041','2014-05-04 02:59:39','2014-05-04 02:59:39','2014-05-04 03:14:32'),(157,'30342848A80AA60000000048','660010109041','2014-05-04 02:59:39','2014-05-04 02:59:39','2014-05-04 04:51:18'),(158,'30342848A80AA60000000047','660010109041','2014-05-04 02:59:39','2014-05-04 02:59:39',NULL),(159,'30342848A80AA60000000034','660010109041','2014-05-04 02:59:39','2014-05-04 02:59:39','2014-05-04 05:26:54'),(160,'30342848A80AA6000000002B','660010109041','2014-05-04 02:59:39','2014-05-04 02:59:39',NULL),(161,'30342848A80AA60000000041','660010109041','2014-05-04 02:59:39','2014-05-04 02:59:39','2014-05-04 03:14:30'),(162,'','660010109041','2014-05-04 02:59:39','2014-05-04 02:59:39',NULL),(163,'30342848A80AA6400000003F','660010109058','2014-05-04 02:59:39','2014-05-04 02:59:39','2014-05-04 05:31:10'),(164,'30342848A80AA64000000038','660010109058','2014-05-04 02:59:39','2014-05-04 02:59:39','2014-05-04 05:42:36'),(165,'30342848A80AA64000000035','660010109058','2014-05-04 02:59:39','2014-05-04 02:59:39',NULL),(166,'30342848A80AA64000000043','660010109058','2014-05-04 02:59:39','2014-05-04 02:59:39',NULL),(167,'30342848A80AA64000000044','660010109058','2014-05-04 02:59:39','2014-05-04 02:59:39','2014-05-04 06:12:10'),(168,'30342848A80AA64000000033','660010109058','2014-05-04 02:59:39','2014-05-04 02:59:39',NULL),(169,'30342848A80AA64000000032','660010109058','2014-05-04 02:59:39','2014-05-04 02:59:39',NULL),(170,'30342848A80AA64000000042','660010109058','2014-05-04 02:59:39','2014-05-04 02:59:39',NULL),(171,'30342848A80AA64000000040','660010109058','2014-05-04 02:59:39','2014-05-04 02:59:39','2014-05-18 05:02:04'),(172,'30342848A80AA64000000049','660010109058','2014-05-04 02:59:39','2014-05-04 02:59:39',NULL),(173,'30342848A80AA6400000002A','660010109058','2014-05-04 02:59:39','2014-05-04 02:59:39',NULL),(174,'30342848A80AA6400000004C','660010109058','2014-05-04 02:59:39','2014-05-04 02:59:39',NULL),(175,'30342848A80AA6400000004A','660010109058','2014-05-04 02:59:39','2014-05-04 02:59:39',NULL),(176,'30342848A80AA6400000003D','660010109058','2014-05-04 02:59:39','2014-05-04 02:59:39','2014-05-18 05:02:04'),(177,'30342848A80AA6400000003E','660010109058','2014-05-04 02:59:39','2014-05-04 02:59:39','2014-05-04 03:14:31'),(178,'30342848A80AA64000000046','660010109058','2014-05-04 02:59:39','2014-05-04 02:59:39','2014-05-04 07:00:38'),(179,'30342848A80AA6400000004B','660010109058','2014-05-04 02:59:39','2014-05-04 02:59:39','2014-05-04 03:14:32'),(180,'30342848A80AA64000000036','660010109058','2014-05-04 02:59:39','2014-05-04 02:59:39',NULL),(181,'30342848A80AA6400000002E','660010109058','2014-05-04 02:59:39','2014-05-04 02:59:39','2014-05-04 07:56:56'),(182,'30342848A80AA6400000003B','660010109058','2014-05-04 02:59:39','2014-05-04 02:59:39','2014-05-04 05:04:39'),(183,'30342848A80AA64000000039','660010109058','2014-05-04 02:59:39','2014-05-04 02:59:39',NULL),(184,'30342848A80AA64000000048','660010109058','2014-05-04 02:59:39','2014-05-04 02:59:39','2014-05-04 04:29:53'),(185,'30342848A80AA68000000006','660010109065','2014-05-04 02:59:40','2014-05-04 02:59:40',NULL),(186,'30342848A80AA68000000005','660010109065','2014-05-04 02:59:40','2014-05-04 02:59:40',NULL),(187,'30342848A80AA68000000002','660010109065','2014-05-04 02:59:40','2014-05-04 02:59:40',NULL),(188,'30342848A80AA68000000003','660010109065','2014-05-04 02:59:40','2014-05-04 02:59:40','2014-05-18 03:52:33'),(189,'30342848A80AA68000000004','660010109065','2014-05-04 02:59:40','2014-05-04 02:59:40',NULL),(190,'30342848A80AA6C000000024','660010109072','2014-05-04 02:59:40','2014-05-04 02:59:40','2014-05-04 05:05:45'),(191,'30342848A80AA6C000000023','660010109072','2014-05-04 02:59:40','2014-05-04 02:59:40',NULL),(192,'30342848A80AA6C000000021','660010109072','2014-05-04 02:59:40','2014-05-04 02:59:40',NULL),(193,'30342848A80AA6C000000025','660010109072','2014-05-04 02:59:40','2014-05-04 02:59:40',NULL),(194,'30342848A80AA6C000000020','660010109072','2014-05-04 02:59:40','2014-05-04 02:59:40',NULL),(195,'30342848A80A8D000000001A','660010109119','2014-05-04 02:59:40','2014-05-04 02:59:40',NULL),(196,'30342848A80A8D0000000015','660010109119','2014-05-04 02:59:40','2014-05-04 02:59:40',NULL),(197,'30342848A80A8D0000000004','660010109119','2014-05-04 02:59:40','2014-05-04 02:59:40','2014-05-04 03:14:31'),(198,'30342848A80AA7C00000002C','660010109119','2014-05-04 02:59:40','2014-05-04 02:59:40',NULL),(199,'30342848A80A8D0000000005','660010109119','2014-05-04 02:59:40','2014-05-04 02:59:40',NULL),(200,'30342848A80AA7C00000001D','660010109119','2014-05-04 02:59:40','2014-05-04 02:59:40','2014-05-04 05:24:38'),(201,'30342848A80A8D0000000016','660010109119','2014-05-04 02:59:40','2014-05-04 02:59:40',NULL),(202,'30342848A80A8D000000000D','660010109119','2014-05-04 02:59:40','2014-05-04 02:59:40','2014-05-04 05:10:44'),(203,'30342848A80AF1C00000004A','660010109119','2014-05-04 02:59:40','2014-05-04 02:59:40',NULL),(204,'30342848A80A8D0000000018','660010109119','2014-05-04 02:59:40','2014-05-04 02:59:40','2014-05-04 03:55:33'),(205,'30342848A80A8D0000000002','660010109119','2014-05-04 02:59:40','2014-05-04 02:59:40',NULL),(206,'30342848A80A8D000000001D','660010109119','2014-05-04 02:59:40','2014-05-04 02:59:40','2014-05-04 03:14:31'),(207,'30342848A80AA7C000000020','660010109119','2014-05-04 02:59:40','2014-05-04 02:59:40',NULL),(208,'30342848A80A8D000000000E','660010109119','2014-05-04 02:59:40','2014-05-04 02:59:40',NULL),(209,'30342848A80A8D000000001E','660010109119','2014-05-04 02:59:40','2014-05-04 02:59:40',NULL),(210,'30342848A80A8D000000001C','660010109119','2014-05-04 02:59:40','2014-05-04 02:59:40',NULL),(211,'30342848A80AF1C000000041','660010109119','2014-05-04 02:59:40','2014-05-04 02:59:40',NULL),(212,'30342848A80A8D0000000009','660010109119','2014-05-04 02:59:40','2014-05-04 02:59:40',NULL),(213,'30342848A80AA7C000000025','660010109119','2014-05-04 02:59:40','2014-05-04 02:59:40','2014-05-04 03:14:31'),(214,'30342848A80A8D000000000C','660010109119','2014-05-04 02:59:40','2014-05-04 02:59:40',NULL),(215,'30342848A80A8D0000000014','660010109119','2014-05-04 02:59:40','2014-05-04 02:59:40',NULL),(216,'30342848A80A8D000000001B','660010109119','2014-05-04 02:59:40','2014-05-04 02:59:40',NULL),(217,'30342848A80A8D0000000010','660010109119','2014-05-04 02:59:40','2014-05-04 02:59:40','2014-05-04 05:07:19'),(218,'30342848A80A8D0000000017','660010109119','2014-05-04 02:59:40','2014-05-04 02:59:40',NULL),(219,'30342848A80A8D000000000F','660010109119','2014-05-04 02:59:40','2014-05-04 02:59:40',NULL),(220,'30342848A80A8D0000000013','660010109119','2014-05-04 02:59:40','2014-05-04 02:59:40',NULL),(221,'30342848A80AA7C00000002B','660010109119','2014-05-04 02:59:41','2014-05-04 02:59:41','2014-05-04 05:19:32'),(222,'30342848A80A8D0000000008','660010109119','2014-05-04 02:59:41','2014-05-04 02:59:41',NULL),(223,'30342848A80A8D000000000B','660010109119','2014-05-04 02:59:41','2014-05-04 02:59:41',NULL),(224,'30342848A80A8D0000000003','660010109119','2014-05-04 02:59:41','2014-05-04 02:59:41',NULL),(225,'30342848A80A8D0000000006','660010109119','2014-05-04 02:59:41','2014-05-04 02:59:41',NULL),(226,'30342848A80AC04000000122','660010109119','2014-05-04 02:59:41','2014-05-04 02:59:41','2014-05-04 03:02:55'),(227,'30342848A80A8D0000000007','660010109119','2014-05-04 02:59:41','2014-05-04 02:59:41',NULL),(228,'30342848A80A8D0000000012','660010109119','2014-05-04 02:59:41','2014-05-04 02:59:41','2014-05-04 03:32:48'),(229,'30342848A80A8D0000000011','660010109119','2014-05-04 02:59:41','2014-05-04 02:59:41',NULL),(230,'30342848A80A8D000000000A','660010109119','2014-05-04 02:59:41','2014-05-04 02:59:41','2014-05-04 07:20:28'),(231,'30342848A80A8D0000000019','660010109119','2014-05-04 02:59:41','2014-05-04 02:59:41','2014-05-04 05:39:20'),(232,'30342848A80ABE4000000047','660010110016','2014-05-04 02:59:41','2014-05-04 02:59:41','2014-05-04 03:46:27'),(233,'30342848A80ABE4000000041','660010110016','2014-05-04 02:59:41','2014-05-04 02:59:41','2014-05-04 03:14:31'),(234,'30342848A80ABE4000000040','660010110016','2014-05-04 02:59:41','2014-05-04 02:59:41','2014-05-04 11:10:16'),(235,'30342848A80ABE4000000051','660010110016','2014-05-04 02:59:41','2014-05-04 02:59:41','2014-05-04 03:14:31'),(236,'30342848A80A5A8000000018','660010110016','2014-05-04 02:59:41','2014-05-04 02:59:41',NULL),(237,'30342848A80ABE400000004C','660010110016','2014-05-04 02:59:41','2014-05-04 02:59:41','2014-05-04 09:57:36'),(238,'30342848A80ABE400000002F','660010110016','2014-05-04 02:59:41','2014-05-04 02:59:41','2014-05-04 03:14:30'),(239,'30342848A80ABE400000004E','660010110016','2014-05-04 02:59:41','2014-05-04 02:59:41',NULL),(240,'30342848A80ABE4000000044','660010110016','2014-05-04 02:59:41','2014-05-04 02:59:41','2014-05-04 06:49:06'),(241,'30342848A80ABE4000000052','660010110016','2014-05-04 02:59:41','2014-05-04 02:59:41','2014-05-04 05:57:23'),(242,'30342848A80ABE400000004D','660010110016','2014-05-04 02:59:41','2014-05-04 02:59:41',NULL),(243,'30342848A80ABE4000000053','660010110016','2014-05-04 02:59:41','2014-05-04 02:59:41','2014-05-04 05:40:26'),(244,'30342848A80ABE4000000045','660010110016','2014-05-04 02:59:41','2014-05-04 02:59:41',NULL),(245,'30342848A80ABE4000000049','660010110016','2014-05-04 02:59:41','2014-05-04 02:59:41','2014-05-04 05:55:40'),(246,'30342848A80ABE400000003F','660010110016','2014-05-04 02:59:41','2014-05-04 02:59:41',NULL),(247,'30342848A80ABE400000004F','660010110016','2014-05-04 02:59:41','2014-05-04 02:59:41','2014-05-04 03:13:13'),(248,'30342848A80ABE400000004B','660010110016','2014-05-04 02:59:41','2014-05-04 02:59:41','2014-05-04 05:15:09'),(249,'30342848A80ABE4000000029','660010110016','2014-05-04 02:59:41','2014-05-04 02:59:41',NULL),(250,'30342848A80ABE4000000046','660010110016','2014-05-04 02:59:41','2014-05-04 02:59:41','2014-05-04 04:45:33'),(251,'30342848A80ABE400000003E','660010110016','2014-05-04 02:59:41','2014-05-04 02:59:41','2014-05-04 04:45:34'),(252,'30342848A80ABE4000000050','660010110016','2014-05-04 02:59:41','2014-05-04 02:59:41','2014-05-04 04:45:33'),(253,'30342848A80ABE400000004A','660010110016','2014-05-04 02:59:42','2014-05-04 02:59:42',NULL),(254,'30342848A80ABE400000003A','660010110016','2014-05-04 02:59:42','2014-05-04 02:59:42',NULL),(255,'30342848A80ABE4000000043','660010110016','2014-05-04 02:59:42','2014-05-04 02:59:42','2014-05-04 07:22:07'),(256,'30342848A80ABE4000000037','660010110016','2014-05-04 02:59:42','2014-05-04 02:59:42',NULL),(257,'30342848A80ABE400000002D','660010110016','2014-05-04 02:59:42','2014-05-04 02:59:42',NULL),(258,'30342848A80ABE400000002C','660010110016','2014-05-04 02:59:42','2014-05-04 02:59:42',NULL),(259,'30342848A80ABE400000003B','660010110016','2014-05-04 02:59:42','2014-05-04 02:59:42',NULL),(260,'30342848A80ABE4000000032','660010110016','2014-05-04 02:59:42','2014-05-04 02:59:42',NULL),(261,'30342848A80ABE4000000033','660010110016','2014-05-04 02:59:42','2014-05-04 02:59:42','2014-05-04 05:06:58'),(262,'30342848A80ABE4000000031','660010110016','2014-05-04 02:59:42','2014-05-04 02:59:42',NULL),(263,'30342848A80ABE4000000042','660010110016','2014-05-04 02:59:42','2014-05-04 02:59:42',NULL),(264,'30342848A80ABE4000000048','660010110016','2014-05-04 02:59:42','2014-05-04 02:59:42',NULL),(265,'30342848A80ABE400000003D','660010110016','2014-05-04 02:59:42','2014-05-04 02:59:42','2014-05-04 05:01:52'),(266,'30342848A80ABE400000003C','660010110016','2014-05-04 02:59:42','2014-05-04 02:59:42','2014-05-04 05:17:08'),(267,'30342848A80AA5400000001B','660010110016','2014-05-04 02:59:42','2014-05-04 02:59:42',NULL),(268,'30342848A80ABE8000000024','660010110023','2014-05-04 02:59:42','2014-05-04 02:59:42','2014-05-04 06:34:26'),(269,'30342848A80ABE8000000022','660010110023','2014-05-04 02:59:42','2014-05-04 02:59:42',NULL),(270,'30342848A80ABE8000000020','660010110023','2014-05-04 02:59:42','2014-05-04 02:59:42','2014-05-04 05:09:02'),(271,'30342848A80ABF0000000003','660010110023','2014-05-04 02:59:42','2014-05-04 02:59:42',NULL),(272,'30342848A80A8C4000000007','660010110023','2014-05-04 02:59:42','2014-05-04 02:59:42','2014-05-04 05:17:09'),(273,'30342848A80ABF0000000002','660010110023','2014-05-04 02:59:42','2014-05-04 02:59:42',NULL),(274,'30342848A80ABF0000000004','660010110023','2014-05-04 02:59:42','2014-05-04 02:59:42',NULL),(275,'30342848A80ABE8000000018','660010110023','2014-05-04 02:59:42','2014-05-04 02:59:42','2014-05-04 04:47:47'),(276,'30342848A80A740000000003','660010110023','2014-05-04 02:59:42','2014-05-04 02:59:42',NULL),(277,'30342848A80AC00000000015','660010110023','2014-05-04 02:59:42','2014-05-04 02:59:42','2014-05-04 04:47:48'),(278,'30342848A80ABE8000000017','660010110023','2014-05-04 02:59:42','2014-05-04 02:59:42',NULL),(279,'30342848A80ABE8000000016','660010110023','2014-05-04 02:59:42','2014-05-04 02:59:42',NULL),(280,'30342848A80ABE800000001D','660010110023','2014-05-04 02:59:42','2014-05-04 02:59:42',NULL),(281,'30342848A80ABE8000000019','660010110023','2014-05-04 02:59:42','2014-05-04 02:59:42',NULL),(282,'30342848A80ABE800000001C','660010110023','2014-05-04 02:59:42','2014-05-04 02:59:42',NULL),(283,'30342848A80ABEC00000001A','660010110030','2014-05-04 02:59:42','2014-05-04 02:59:42',NULL),(284,'30342848A80ABEC000000016','660010110030','2014-05-04 02:59:42','2014-05-04 02:59:42',NULL),(285,'30342848A80ABEC000000013','660010110030','2014-05-04 02:59:42','2014-05-04 02:59:42',NULL),(286,'30342848A80ABEC000000019','660010110030','2014-05-04 02:59:43','2014-05-04 02:59:43',NULL),(287,'30342848A80ABEC000000015','660010110030','2014-05-04 02:59:43','2014-05-04 02:59:43',NULL),(288,'30342848A80ABEC000000017','660010110030','2014-05-04 02:59:43','2014-05-04 02:59:43',NULL),(289,'30342848A80ABEC000000018','660010110030','2014-05-04 02:59:43','2014-05-04 02:59:43',NULL),(290,'30342848A80ABEC000000012','660010110030','2014-05-04 02:59:43','2014-05-04 02:59:43','2014-05-18 02:48:10'),(291,'30342848A80ABEC000000014','660010110030','2014-05-04 02:59:43','2014-05-04 02:59:43','2014-05-04 06:13:09'),(292,'30342848A80AA64000000029','660010110030','2014-05-04 02:59:43','2014-05-04 02:59:43',NULL),(293,'30342848A80A734000000004','660010110054','2014-05-04 02:59:43','2014-05-04 02:59:43',NULL),(294,'30342848A80ABF4000000012','660010110054','2014-05-04 02:59:43','2014-05-04 02:59:43',NULL),(295,'30342848A80A734000000005','660010110054','2014-05-04 02:59:43','2014-05-04 02:59:43',NULL),(296,'30342848A80ABF400000000F','660010110054','2014-05-04 02:59:43','2014-05-04 02:59:43',NULL),(297,'30342848A80A734000000008','660010110054','2014-05-04 02:59:43','2014-05-04 02:59:43',NULL),(298,'30342848A80ABF4000000011','660010110054','2014-05-04 02:59:43','2014-05-04 02:59:43',NULL),(299,'30342848A80ABF4000000013','660010110054','2014-05-04 02:59:43','2014-05-04 02:59:43',NULL),(300,'30342848A80ABF400000000C','660010110054','2014-05-04 02:59:43','2014-05-04 02:59:43',NULL),(301,'30342848A80ABF400000000E','660010110054','2014-05-04 02:59:43','2014-05-04 02:59:43',NULL),(302,'30342848A80ABF400000000D','660010110054','2014-05-04 02:59:43','2014-05-04 02:59:43',NULL),(303,'30342848A80ABF800000001F','660010110061','2014-05-04 02:59:43','2014-05-04 02:59:43',NULL),(304,'30342848A80ABF800000001A','660010110061','2014-05-04 02:59:43','2014-05-04 02:59:43',NULL),(305,'30342848A80ABF8000000016','660010110061','2014-05-04 02:59:43','2014-05-04 02:59:43',NULL),(306,'30342848A80ABF8000000028','660010110061','2014-05-04 02:59:43','2014-05-04 02:59:43',NULL),(307,'30342848A80ABF8000000022','660010110061','2014-05-04 02:59:43','2014-05-04 02:59:43',NULL),(308,'30342848A80AF4400000000E','660010110061','2014-05-04 02:59:43','2014-05-04 02:59:43',NULL),(309,'30342848A80ABF8000000027','660010110061','2014-05-04 02:59:43','2014-05-04 02:59:43',NULL),(310,'30342848A80ABF8000000021','660010110061','2014-05-04 02:59:43','2014-05-04 02:59:43',NULL),(311,'30342848A80ABF8000000017','660010110061','2014-05-04 02:59:43','2014-05-04 02:59:43',NULL),(312,'30342848A80ABF8000000018','660010110061','2014-05-04 02:59:43','2014-05-04 02:59:43',NULL),(313,'30342848A80ABF8000000024','660010110061','2014-05-04 02:59:43','2014-05-04 02:59:43','2014-05-04 05:12:37'),(314,'30342848A80ABF8000000023','660010110061','2014-05-04 02:59:43','2014-05-04 02:59:43','2014-05-04 06:24:44'),(315,'30342848A80ABF8000000025','660010110061','2014-05-04 02:59:43','2014-05-04 02:59:43','2014-05-18 09:18:22'),(316,'30342848A80ABF800000001C','660010110061','2014-05-04 02:59:43','2014-05-04 02:59:43',NULL),(317,'30342848A80ABF8000000019','660010110061','2014-05-04 02:59:43','2014-05-04 02:59:43',NULL),(318,'30342848A80ABFC00000001B','660010110078','2014-05-04 02:59:43','2014-05-04 02:59:43',NULL),(319,'30342848A80ABFC00000001D','660010110078','2014-05-04 02:59:44','2014-05-04 02:59:44',NULL),(320,'30342848A80ABFC000000022','660010110078','2014-05-04 02:59:44','2014-05-04 02:59:44','2014-05-18 07:39:59'),(321,'30342848A80AF1800000003A','660010110078','2014-05-04 02:59:44','2014-05-04 02:59:44',NULL),(322,'30342848A80ABFC000000021','660010110078','2014-05-04 02:59:44','2014-05-04 02:59:44',NULL),(323,'30342848A80ABFC000000026','660010110078','2014-05-04 02:59:44','2014-05-04 02:59:44',NULL),(324,'30342848A80ABFC000000024','660010110078','2014-05-04 02:59:44','2014-05-04 02:59:44',NULL),(325,'30342848A80ABFC00000001E','660010110078','2014-05-04 02:59:44','2014-05-04 02:59:44','2014-05-18 05:35:17'),(326,'30342848A80ABFC000000025','660010110078','2014-05-04 02:59:44','2014-05-04 02:59:44',NULL),(327,'30342848A80ABFC000000017','660010110078','2014-05-04 02:59:44','2014-05-04 02:59:44',NULL),(328,'30342848A80ABFC00000001F','660010110078','2014-05-04 02:59:44','2014-05-04 02:59:44',NULL),(329,'30342848A80ABFC000000027','660010110078','2014-05-04 02:59:44','2014-05-04 02:59:44','2014-05-04 06:28:38'),(330,'30342848A80ABFC00000001C','660010110078','2014-05-04 02:59:44','2014-05-04 02:59:44','2014-05-18 06:07:28'),(331,'30342848A80ABFC000000016','660010110078','2014-05-04 02:59:44','2014-05-04 02:59:44',NULL),(332,'30342848A80ABFC00000001A','660010110078','2014-05-04 02:59:44','2014-05-04 02:59:44','2014-05-18 06:08:00'),(333,'30342848A80AC00000000016','660010110085','2014-05-04 02:59:44','2014-05-04 02:59:44',NULL),(334,'30342848A80AC0000000001C','660010110085','2014-05-04 02:59:44','2014-05-04 02:59:44',NULL),(335,'30342848A80AF1C000000010','660010110085','2014-05-04 02:59:44','2014-05-04 02:59:44',NULL),(336,'30342848A80AF1800000003E','660010110085','2014-05-04 02:59:44','2014-05-04 02:59:44','2014-05-04 06:26:40'),(337,'30342848A80AA58000000003','660010110085','2014-05-04 02:59:44','2014-05-04 02:59:44',NULL),(338,'30342848A80AC00000000019','660010110085','2014-05-04 02:59:44','2014-05-04 02:59:44',NULL),(339,'30342848A80AC00000000011','660010110085','2014-05-04 02:59:44','2014-05-04 02:59:44',NULL),(340,'30342848A80AC00000000017','660010110085','2014-05-04 02:59:44','2014-05-04 02:59:44',NULL),(341,'30342848A80AC00000000018','660010110085','2014-05-04 02:59:44','2014-05-04 02:59:44',NULL),(342,'30342848A80AC0000000001F','660010110085','2014-05-04 02:59:44','2014-05-04 02:59:44',NULL),(343,'30342848A80AC0000000001B','660010110085','2014-05-04 02:59:45','2014-05-04 02:59:45',NULL),(344,'30342848A80AC00000000012','660010110085','2014-05-04 02:59:45','2014-05-04 02:59:45',NULL),(345,'30342848A80AC00000000014','660010110085','2014-05-04 02:59:45','2014-05-04 02:59:45',NULL),(346,'30342848A80AC00000000013','660010110085','2014-05-04 02:59:45','2014-05-04 02:59:45',NULL),(347,'30342848A80AC0000000001D','660010110085','2014-05-04 02:59:45','2014-05-04 02:59:45',NULL),(348,'30342848A80AC040000000EE','660010110092','2014-05-04 02:59:45','2014-05-04 02:59:45','2014-05-18 06:35:46'),(349,'30342848A80AC040000000E6','660010110092','2014-05-04 02:59:45','2014-05-04 02:59:45','2014-05-18 05:18:55'),(350,'30342848A80AC040000000D5','660010110092','2014-05-04 02:59:45','2014-05-04 02:59:45',NULL),(351,'30342848A80AC04000000101','660010110092','2014-05-04 02:59:45','2014-05-04 02:59:45',NULL),(352,'30342848A80AC0400000010D','660010110092','2014-05-04 02:59:45','2014-05-04 02:59:45','2014-05-18 05:18:55'),(353,'30342848A80AC040000000ED','660010110092','2014-05-04 02:59:45','2014-05-04 02:59:45',NULL),(354,'30342848A80AC0400000010C','660010110092','2014-05-04 02:59:45','2014-05-04 02:59:45',NULL),(355,'30342848A80AC0400000010B','660010110092','2014-05-04 02:59:45','2014-05-04 02:59:45','2014-05-04 05:04:07'),(356,'30342848A80AC040000000BC','660010110092','2014-05-04 02:59:45','2014-05-04 02:59:45','2014-05-04 05:58:11'),(357,'30342848A80AC04000000150','660010110092','2014-05-04 02:59:45','2014-05-04 02:59:45',NULL),(358,'30342848A80AC0400000012C','660010110092','2014-05-04 02:59:45','2014-05-04 02:59:45',NULL),(359,'30342848A80AC04000000144','660010110092','2014-05-04 02:59:45','2014-05-04 02:59:45',NULL),(360,'30342848A80AC04000000107','660010110092','2014-05-04 02:59:45','2014-05-04 02:59:45','2014-05-04 11:06:37'),(361,'30342848A80AC0400000012E','660010110092','2014-05-04 02:59:45','2014-05-04 02:59:45','2014-05-18 05:26:51'),(362,'30342848A80AC040000000EF','660010110092','2014-05-04 02:59:45','2014-05-04 02:59:45',NULL),(363,'30342848A80AC040000000E8','660010110092','2014-05-04 02:59:45','2014-05-04 02:59:45',NULL),(364,'30342848A80AC04000000148','660010110092','2014-05-04 02:59:46','2014-05-04 02:59:46',NULL),(365,'30342848A80AC04000000134','660010110092','2014-05-04 02:59:46','2014-05-04 02:59:46','2014-05-04 07:06:54'),(366,'30342848A80AC040000000C3','660010110092','2014-05-04 02:59:46','2014-05-04 02:59:46',NULL),(367,'30342848A80AC0400000010F','660010110092','2014-05-04 02:59:46','2014-05-04 02:59:46',NULL),(368,'30342848A80AC0400000014A','660010110092','2014-05-04 02:59:46','2014-05-04 02:59:46','2014-05-04 04:44:10'),(369,'30342848A80A5A8000000019','660010110092','2014-05-04 02:59:46','2014-05-04 02:59:46','2014-05-04 03:21:32'),(370,'30342848A80AC04000000146','660010110092','2014-05-04 02:59:46','2014-05-04 02:59:46',NULL),(371,'30342848A80AC04000000130','660010110092','2014-05-04 02:59:46','2014-05-04 02:59:46','2014-05-04 05:15:15'),(372,'30342848A80AC040000000CD','660010110092','2014-05-04 02:59:46','2014-05-04 02:59:46',NULL),(373,'30342848A80AC04000000124','660010110092','2014-05-04 02:59:46','2014-05-04 02:59:46',NULL),(374,'30342848A80AC04000000119','660010110092','2014-05-04 02:59:46','2014-05-04 02:59:46','2014-05-04 07:25:07'),(375,'30342848A80AC040000000F9','660010110092','2014-05-04 02:59:46','2014-05-04 02:59:46','2014-05-04 05:52:40'),(376,'30342848A80AC04000000113','660010110092','2014-05-04 02:59:46','2014-05-04 02:59:46',NULL),(377,'30342848A80AC0400000011C','660010110092','2014-05-04 02:59:46','2014-05-04 02:59:46',NULL),(378,'30342848A80AC040000000C4','660010110092','2014-05-04 02:59:46','2014-05-04 02:59:46',NULL),(379,'30342848A80ABE400000004D','660010110092','2014-05-04 02:59:46','2014-05-04 02:59:46',NULL),(380,'30342848A80AC040000000FB','660010110092','2014-05-04 02:59:46','2014-05-04 02:59:46','2014-05-18 07:22:18'),(381,'30342848A80AC040000000CA','660010110092','2014-05-04 02:59:46','2014-05-04 02:59:46','2014-05-18 05:38:53'),(382,'30342848A80AC04000000116','660010110092','2014-05-04 02:59:46','2014-05-04 02:59:46','2014-05-04 05:37:51'),(383,'30342848A80AC04000000111','660010110092','2014-05-04 02:59:46','2014-05-04 02:59:46','2014-05-04 05:17:40'),(384,'30342848A80AC040000000F3','660010110092','2014-05-04 02:59:46','2014-05-04 02:59:46',NULL),(385,'30342848A80AC040000000AD','660010110092','2014-05-04 02:59:46','2014-05-04 02:59:46',NULL),(386,'30342848A80AC04000000132','660010110092','2014-05-04 02:59:46','2014-05-04 02:59:46',NULL),(387,'30342848A80AC040000000C9','660010110092','2014-05-04 02:59:46','2014-05-04 02:59:46','2014-05-04 05:09:52'),(388,'30342848A80AC04000000161','660010110092','2014-05-04 02:59:46','2014-05-04 02:59:46',NULL),(389,'30342848A80AC040000000E2','660010110092','2014-05-04 02:59:46','2014-05-04 02:59:46',NULL),(390,'30342848A80AC040000000E4','660010110092','2014-05-04 02:59:46','2014-05-04 02:59:46','2014-05-04 05:29:15'),(391,'30342848A80AC040000000B3','660010110092','2014-05-04 02:59:46','2014-05-04 02:59:46',NULL),(392,'30342848A80AC040000000F2','660010110092','2014-05-04 02:59:46','2014-05-04 02:59:46','2014-05-04 06:12:58'),(393,'30342848A80AC040000000B1','660010110092','2014-05-04 02:59:46','2014-05-04 02:59:46',NULL),(394,'30342848A80AC040000000D2','660010110092','2014-05-04 02:59:46','2014-05-04 02:59:46','2014-05-04 05:44:58'),(395,'30342848A80AC04000000118','660010110092','2014-05-04 02:59:46','2014-05-04 02:59:46',NULL),(396,'30342848A80AC04000000100','660010110092','2014-05-04 02:59:46','2014-05-04 02:59:46',NULL),(397,'30342848A80AA54000000019','660010110092','2014-05-04 02:59:46','2014-05-04 02:59:46','2014-05-04 05:20:18'),(398,'30342848A80AC040000000BE','660010110092','2014-05-04 02:59:46','2014-05-04 02:59:46',NULL),(399,'30342848A80AC04000000106','660010110092','2014-05-04 02:59:46','2014-05-04 02:59:46','2014-05-04 06:12:09'),(400,'30342848A80AC040000000CC','660010110092','2014-05-04 02:59:47','2014-05-04 02:59:47','2014-05-04 05:32:47'),(401,'30342848A80AC04000000105','660010110092','2014-05-04 02:59:47','2014-05-04 02:59:47',NULL),(402,'30342848A80AC040000000F6','660010110092','2014-05-04 02:59:47','2014-05-04 02:59:47','2014-05-04 05:27:36'),(403,'30342848A80AC040000000E0','660010110092','2014-05-04 02:59:47','2014-05-04 02:59:47','2014-05-04 05:15:11'),(404,'30342848A80AC040000000CE','660010110092','2014-05-04 02:59:47','2014-05-04 02:59:47',NULL),(405,'30342848A80AC040000000C1','660010110092','2014-05-04 02:59:47','2014-05-04 02:59:47',NULL),(406,'30342848A80AC040000000A6','660010110092','2014-05-04 02:59:47','2014-05-04 02:59:47',NULL),(407,'30342848A80AC04000000112','660010110092','2014-05-04 02:59:47','2014-05-04 02:59:47',NULL),(408,'30342848A80AC04000000103','660010110092','2014-05-04 02:59:47','2014-05-04 02:59:47',NULL),(409,'30342848A80AC04000000125','660010110092','2014-05-04 02:59:47','2014-05-04 02:59:47',NULL),(410,'30342848A80AC04000000114','660010110092','2014-05-04 02:59:47','2014-05-04 02:59:47',NULL),(411,'30342848A80AC040000000D3','660010110092','2014-05-04 02:59:47','2014-05-04 02:59:47',NULL),(412,'30342848A80AC040000000F5','660010110092','2014-05-04 02:59:47','2014-05-04 02:59:47',NULL),(413,'30342848A80AC0400000010E','660010110092','2014-05-04 02:59:47','2014-05-04 02:59:47',NULL),(414,'30342848A80AC040000000AC','660010110092','2014-05-04 02:59:47','2014-05-04 02:59:47','2014-05-18 05:44:39'),(415,'30342848A80AA5400000001B','660010110092','2014-05-04 02:59:47','2014-05-04 02:59:47',NULL),(416,'30342848A80AC040000000E1','660010110092','2014-05-04 02:59:47','2014-05-04 02:59:47',NULL),(417,'30342848A80AC04000000115','660010110092','2014-05-04 02:59:47','2014-05-04 02:59:47',NULL),(418,'30342848A80AC040000000E3','660010110092','2014-05-04 02:59:47','2014-05-04 02:59:47','2014-05-04 06:12:28'),(419,'30342848A80AC04000000117','660010110092','2014-05-04 02:59:47','2014-05-04 02:59:47',NULL),(420,'30342848A80AC04000000108','660010110092','2014-05-04 02:59:47','2014-05-04 02:59:47',NULL),(421,'30342848A80AC040000000FA','660010110092','2014-05-04 02:59:47','2014-05-04 02:59:47','2014-05-18 05:12:07'),(422,'30342848A80AC0400000012A','660010110092','2014-05-04 02:59:47','2014-05-04 02:59:47',NULL),(423,'30342848A80AA7C000000027','660010110092','2014-05-04 02:59:47','2014-05-04 02:59:47','2014-05-04 05:58:12'),(424,'30342848A80AC04000000127','660010110092','2014-05-04 02:59:47','2014-05-04 02:59:47','2014-05-04 05:47:07'),(425,'30342848A80AC040000000A3','660010110092','2014-05-04 02:59:47','2014-05-04 02:59:47','2014-05-04 03:14:32'),(426,'30342848A80AC04000000109','660010110092','2014-05-04 02:59:47','2014-05-04 02:59:47','2014-05-18 07:17:36'),(427,'30342848A80AC040000000D6','660010110092','2014-05-04 02:59:47','2014-05-04 02:59:47','2014-05-04 04:44:48'),(428,'30342848A80AC040000000BD','660010110092','2014-05-04 02:59:47','2014-05-04 02:59:47',NULL),(429,'30342848A80AC04000000136','660010110092','2014-05-04 02:59:47','2014-05-04 02:59:47','2014-05-18 05:34:23'),(430,'30342848A80AC040000000DA','660010110092','2014-05-04 02:59:47','2014-05-04 02:59:47','2014-05-04 03:35:09'),(431,'30342848A80AC040000000D4','660010110092','2014-05-04 02:59:47','2014-05-04 02:59:47',NULL),(432,'30342848A80AC040000000D7','660010110092','2014-05-04 02:59:47','2014-05-04 02:59:47',NULL),(433,'30342848A80AC0400000012B','660010110092','2014-05-04 02:59:47','2014-05-04 02:59:47','2014-05-04 04:51:03'),(434,'30342848A80AC040000000BA','660010110092','2014-05-04 02:59:48','2014-05-04 02:59:48',NULL),(435,'30342848A80AC0400000012F','660010110092','2014-05-04 02:59:48','2014-05-04 02:59:48','2014-05-18 05:21:45'),(436,'30342848A80AC040000000C6','660010110092','2014-05-04 02:59:48','2014-05-04 02:59:48',NULL),(437,'30342848A80AC040000000CB','660010110092','2014-05-04 02:59:48','2014-05-04 02:59:48','2014-05-04 03:02:55'),(438,'30342848A80AC040000000DE','660010110092','2014-05-04 02:59:48','2014-05-04 02:59:48','2014-05-04 05:55:25'),(439,'30342848A80AC040000000EA','660010110092','2014-05-04 02:59:48','2014-05-04 02:59:48',NULL),(440,'30342848A80AC04000000120','660010110092','2014-05-04 02:59:48','2014-05-04 02:59:48','2014-05-04 05:20:00'),(441,'30342848A80AC040000000EC','660010110092','2014-05-04 02:59:48','2014-05-04 02:59:48','2014-05-04 05:49:05'),(442,'30342848A80AC040000000FE','660010110092','2014-05-04 02:59:48','2014-05-04 02:59:48',NULL),(443,'30342848A80AC040000000B9','660010110092','2014-05-04 02:59:48','2014-05-04 02:59:48',NULL),(444,'30342848A80AC0400000011B','660010110092','2014-05-04 02:59:48','2014-05-04 02:59:48',NULL),(445,'30342848A80AC0400000011D','660010110092','2014-05-04 02:59:48','2014-05-04 02:59:48','2014-05-04 05:44:59'),(446,'30342848A80AD74000000006','660010111013','2014-05-04 02:59:48','2014-05-04 02:59:48','2014-05-04 07:08:56'),(447,'30342848A80AD7400000000C','660010111013','2014-05-04 02:59:48','2014-05-04 02:59:48','2014-05-04 06:59:40'),(448,'30342848A80AD7400000000A','660010111013','2014-05-04 02:59:48','2014-05-04 02:59:48',NULL),(449,'30342848A80AD74000000015','660010111013','2014-05-04 02:59:48','2014-05-04 02:59:48','2014-05-04 07:02:21'),(450,'30342848A80AD74000000010','660010111013','2014-05-04 02:59:48','2014-05-04 02:59:48',NULL),(451,'30342848A80AD74000000002','660010111013','2014-05-04 02:59:48','2014-05-04 02:59:48',NULL),(452,'30342848A80AD7400000000D','660010111013','2014-05-04 02:59:48','2014-05-04 02:59:48',NULL),(453,'30342848A80AD74000000014','660010111013','2014-05-04 02:59:48','2014-05-04 02:59:48',NULL),(454,'30342848A80AF1C000000044','660010111013','2014-05-04 02:59:48','2014-05-04 02:59:48',NULL),(455,'30342848A80B0C8000000004','660010111013','2014-05-04 02:59:48','2014-05-04 02:59:48',NULL),(456,'30342848A80AD7400000000B','660010111013','2014-05-04 02:59:48','2014-05-04 02:59:48','2014-05-18 06:57:24'),(457,'30342848A80AA64000000041','660010111013','2014-05-04 02:59:48','2014-05-04 02:59:48',NULL),(458,'30342848A80AD7400000000F','660010111013','2014-05-04 02:59:48','2014-05-04 02:59:48','2014-05-04 05:55:25'),(459,'30342848A80AD7400000000E','660010111013','2014-05-04 02:59:48','2014-05-04 02:59:48','2014-05-04 03:13:13'),(460,'30342848A80AA6C000000022','660010111013','2014-05-04 02:59:48','2014-05-04 02:59:48','2014-05-04 03:13:13'),(461,'30342848A80AD74000000012','660010111013','2014-05-04 02:59:48','2014-05-04 02:59:48','2014-05-04 03:13:13'),(462,'30342848A80AD74000000005','660010111013','2014-05-04 02:59:48','2014-05-04 02:59:48',NULL),(463,'30342848A80AF08000000005','660010111013','2014-05-04 02:59:48','2014-05-04 02:59:48','2014-05-04 03:02:53'),(464,'30342848A80AD74000000008','660010111013','2014-05-04 02:59:48','2014-05-04 02:59:48',NULL),(465,'30342848A80AD74000000004','660010111013','2014-05-04 02:59:48','2014-05-04 02:59:48','2014-05-04 07:36:51'),(466,'30342848A80AD74000000011','660010111013','2014-05-04 02:59:49','2014-05-04 02:59:49',NULL),(467,'30342848A80AD74000000009','660010111013','2014-05-04 02:59:49','2014-05-04 02:59:49','2014-05-04 07:22:51'),(468,'30342848A80AD78000000003','660010111020','2014-05-04 02:59:49','2014-05-04 02:59:49',NULL),(469,'30342848A80AD78000000004','660010111020','2014-05-04 02:59:49','2014-05-04 02:59:49',NULL),(470,'30342848A80AD78000000002','660010111020','2014-05-04 02:59:49','2014-05-04 02:59:49',NULL),(471,'30342848A80AD7C000000002','660010111037','2014-05-04 02:59:49','2014-05-04 02:59:49',NULL),(472,'30342848A80AF08000000022','660010112027','2014-05-04 02:59:49','2014-05-04 02:59:49',NULL),(473,'30342848A80AF0800000000D','660010112027','2014-05-04 02:59:49','2014-05-04 02:59:49',NULL),(474,'30342848A80AF08000000025','660010112027','2014-05-04 02:59:49','2014-05-04 02:59:49','2014-05-04 05:15:16'),(475,'30342848A80AF0800000000C','660010112027','2014-05-04 02:59:49','2014-05-04 02:59:49','2014-05-04 03:13:13'),(476,'30342848A80AF08000000011','660010112027','2014-05-04 02:59:49','2014-05-04 02:59:49',NULL),(477,'30342848A80AF08000000010','660010112027','2014-05-04 02:59:49','2014-05-04 02:59:49',NULL),(478,'30342848A80AF0800000001A','660010112027','2014-05-04 02:59:49','2014-05-04 02:59:49',NULL),(479,'30342848A80AF08000000023','660010112027','2014-05-04 02:59:49','2014-05-04 02:59:49',NULL),(480,'30342848A80AF08000000013','660010112027','2014-05-04 02:59:49','2014-05-04 02:59:49',NULL),(481,'30342848A80AF0800000000E','660010112027','2014-05-04 02:59:49','2014-05-04 02:59:49',NULL),(482,'30342848A80AF08000000020','660010112027','2014-05-04 02:59:49','2014-05-04 02:59:49','2014-05-04 06:54:00'),(483,'30342848A80AF08000000002','660010112027','2014-05-04 02:59:49','2014-05-04 02:59:49',NULL),(484,'30342848A80AF08000000003','660010112027','2014-05-04 02:59:49','2014-05-04 02:59:49',NULL),(485,'30342848A80AF08000000004','660010112027','2014-05-04 02:59:49','2014-05-04 02:59:49',NULL),(486,'30342848A80AF08000000017','660010112027','2014-05-04 02:59:49','2014-05-04 02:59:49',NULL),(487,'30342848A80AF0800000001F','660010112027','2014-05-04 02:59:49','2014-05-04 02:59:49',NULL),(488,'30342848A80AF08000000008','660010112027','2014-05-04 02:59:49','2014-05-04 02:59:49','2014-05-04 03:13:13'),(489,'30342848A80AF0800000000A','660010112027','2014-05-04 02:59:49','2014-05-04 02:59:49',NULL),(490,'30342848A80AF08000000018','660010112027','2014-05-04 02:59:49','2014-05-04 02:59:49','2014-05-04 03:13:13'),(491,'30342848A80AF08000000006','660010112027','2014-05-04 02:59:49','2014-05-04 02:59:49',NULL),(492,'30342848A80AF0800000001C','660010112027','2014-05-04 02:59:49','2014-05-04 02:59:49','2014-05-04 06:04:05'),(493,'30342848A80AF0C000000009','660010112034','2014-05-04 02:59:49','2014-05-04 02:59:49',NULL),(494,'30342848A80AF0C000000007','660010112034','2014-05-04 02:59:49','2014-05-04 02:59:49',NULL),(495,'30342848A80AF0C000000003','660010112034','2014-05-04 02:59:49','2014-05-04 02:59:49',NULL),(496,'30342848A80AF0C000000008','660010112034','2014-05-04 02:59:49','2014-05-04 02:59:49',NULL),(497,'30342848A80AF0C000000004','660010112034','2014-05-04 02:59:49','2014-05-04 02:59:49',NULL),(498,'30342848A80AF0C000000002','660010112034','2014-05-04 02:59:49','2014-05-04 02:59:49',NULL),(499,'30342848A80AF0C000000005','660010112034','2014-05-04 02:59:49','2014-05-04 02:59:49',NULL),(500,'30342848A80AF0C000000006','660010112034','2014-05-04 02:59:49','2014-05-04 02:59:49',NULL),(501,'30342848A80AF10000000003','660010112041','2014-05-04 02:59:50','2014-05-04 02:59:50',NULL),(502,'30342848A80AF10000000002','660010112041','2014-05-04 02:59:50','2014-05-04 02:59:50',NULL),(503,'30342848A80AF10000000004','660010112041','2014-05-04 02:59:50','2014-05-04 02:59:50',NULL),(504,'30342848A80AF14000000003','660010112058','2014-05-04 02:59:50','2014-05-04 02:59:50',NULL),(505,'30342848A80AF14000000002','660010112058','2014-05-04 02:59:50','2014-05-04 02:59:50',NULL),(506,'30342848A80AF1800000001D','660010112065','2014-05-04 02:59:50','2014-05-04 02:59:50',NULL),(507,'30342848A80AF1800000000F','660010112065','2014-05-04 02:59:50','2014-05-04 02:59:50',NULL),(508,'30342848A80AF1800000000D','660010112065','2014-05-04 02:59:50','2014-05-04 02:59:50',NULL),(509,'30342848A80AF18000000012','660010112065','2014-05-04 02:59:50','2014-05-04 02:59:50','2014-05-18 05:28:31'),(510,'30342848A80AF18000000023','660010112065','2014-05-04 02:59:50','2014-05-04 02:59:50',NULL),(511,'30342848A80AF1800000004E','660010112065','2014-05-04 02:59:50','2014-05-04 02:59:50','2014-05-18 04:42:55'),(512,'30342848A80AF18000000045','660010112065','2014-05-04 02:59:50','2014-05-04 02:59:50','2014-05-18 06:50:02'),(513,'30342848A80AF18000000022','660010112065','2014-05-04 02:59:50','2014-05-04 02:59:50',NULL),(514,'30342848A80AF1800000004D','660010112065','2014-05-04 02:59:50','2014-05-04 02:59:50',NULL),(515,'30342848A80AF18000000004','660010112065','2014-05-04 02:59:50','2014-05-04 02:59:50',NULL),(516,'30342848A80AF18000000050','660010112065','2014-05-04 02:59:50','2014-05-04 02:59:50',NULL),(517,'30342848A80AF1800000002B','660010112065','2014-05-04 02:59:50','2014-05-04 02:59:50','2014-05-18 05:39:29'),(518,'30342848A80AF1800000001C','660010112065','2014-05-04 02:59:50','2014-05-04 02:59:50',NULL),(519,'30342848A80AF18000000027','660010112065','2014-05-04 02:59:50','2014-05-04 02:59:50',NULL),(520,'30342848A80AF18000000025','660010112065','2014-05-04 02:59:50','2014-05-04 02:59:50','2014-05-04 06:01:15'),(521,'30342848A80AF18000000002','660010112065','2014-05-04 02:59:50','2014-05-04 02:59:50',NULL),(522,'30342848A80AF1800000000E','660010112065','2014-05-04 02:59:50','2014-05-04 02:59:50','2014-05-18 05:57:20'),(523,'30342848A80AF1800000000A','660010112065','2014-05-04 02:59:50','2014-05-04 02:59:50','2014-05-18 05:26:51'),(524,'30342848A80AF18000000014','660010112065','2014-05-04 02:59:50','2014-05-04 02:59:50','2014-05-18 05:56:30'),(525,'30342848A80AF1800000003C','660010112065','2014-05-04 02:59:50','2014-05-04 02:59:50','2014-05-04 07:20:28'),(526,'30342848A80AF18000000031','660010112065','2014-05-04 02:59:50','2014-05-04 02:59:50',NULL),(527,'30342848A80AF18000000046','660010112065','2014-05-04 02:59:50','2014-05-04 02:59:50',NULL),(528,'30342848A80AF18000000005','660010112065','2014-05-04 02:59:50','2014-05-04 02:59:50',NULL),(529,'30342848A80AF18000000028','660010112065','2014-05-04 02:59:50','2014-05-04 02:59:50',NULL),(530,'30342848A80AF1800000001A','660010112065','2014-05-04 02:59:50','2014-05-04 02:59:50','2014-05-04 03:14:37'),(531,'30342848A80AF18000000035','660010112065','2014-05-04 02:59:50','2014-05-04 02:59:50','2014-05-18 08:52:12'),(532,'30342848A80AF18000000040','660010112065','2014-05-04 02:59:50','2014-05-04 02:59:50',NULL),(533,'30342848A80AF1800000002A','660010112065','2014-05-04 02:59:50','2014-05-04 02:59:50','2014-05-04 05:57:38'),(534,'30342848A80AF18000000019','660010112065','2014-05-04 02:59:50','2014-05-04 02:59:50',NULL),(535,'30342848A80AF1800000001E','660010112065','2014-05-04 02:59:50','2014-05-04 02:59:50',NULL),(536,'30342848A80AF18000000029','660010112065','2014-05-04 02:59:50','2014-05-04 02:59:50','2014-05-04 03:02:55'),(537,'30342848A80AF1800000000C','660010112065','2014-05-04 02:59:51','2014-05-04 02:59:51','2014-05-04 05:57:55'),(538,'30342848A80AF18000000039','660010112065','2014-05-04 02:59:51','2014-05-04 02:59:51',NULL),(539,'30342848A80AF18000000015','660010112065','2014-05-04 02:59:51','2014-05-04 02:59:51','2014-05-04 04:17:38'),(540,'30342848A80AF18000000038','660010112065','2014-05-04 02:59:51','2014-05-04 02:59:51',NULL),(541,'30342848A80AF18000000047','660010112065','2014-05-04 02:59:51','2014-05-04 02:59:51','2014-05-04 03:14:37'),(542,'30342848A80AF18000000049','660010112065','2014-05-04 02:59:51','2014-05-04 02:59:51','2014-05-18 08:09:14'),(543,'30342848A80AF18000000017','660010112065','2014-05-04 02:59:51','2014-05-04 02:59:51','2014-05-04 04:17:39'),(544,'30342848A80AF18000000043','660010112065','2014-05-04 02:59:51','2014-05-04 02:59:51',NULL),(545,'30342848A80AF18000000051','660010112065','2014-05-04 02:59:51','2014-05-04 02:59:51',NULL),(546,'30342848A80AF18000000052','660010112065','2014-05-04 02:59:51','2014-05-04 02:59:51',NULL),(547,'30342848A80AF1800000001F','660010112065','2014-05-04 02:59:51','2014-05-04 02:59:51',NULL),(548,'30342848A80AF18000000010','660010112065','2014-05-04 02:59:51','2014-05-04 02:59:51',NULL),(549,'30342848A80AF18000000033','660010112065','2014-05-04 02:59:51','2014-05-04 02:59:51',NULL),(550,'30342848A80AF18000000008','660010112065','2014-05-04 02:59:51','2014-05-04 02:59:51','2014-05-18 04:58:41'),(551,'30342848A80AF18000000030','660010112065','2014-05-04 02:59:51','2014-05-04 02:59:51','2014-05-18 06:56:12'),(552,'30342848A80AF1800000004F','660010112065','2014-05-04 02:59:51','2014-05-04 02:59:51',NULL),(553,'30342848A80AF18000000053','660010112065','2014-05-04 02:59:51','2014-05-04 02:59:51','2014-05-04 05:47:10'),(554,'30342848A80AF18000000036','660010112065','2014-05-04 02:59:51','2014-05-04 02:59:51',NULL),(555,'30342848A80AF18000000009','660010112065','2014-05-04 02:59:51','2014-05-04 02:59:51','2014-05-18 05:43:02'),(556,'30342848A80AF18000000032','660010112065','2014-05-04 02:59:51','2014-05-04 02:59:51',NULL),(557,'30342848A80AF1800000001B','660010112065','2014-05-04 02:59:51','2014-05-04 02:59:51','2014-05-04 05:17:08'),(558,'30342848A80AF18000000024','660010112065','2014-05-04 02:59:51','2014-05-04 02:59:51',NULL),(559,'30342848A80AF1800000000B','660010112065','2014-05-04 02:59:51','2014-05-04 02:59:51','2014-05-04 06:48:37'),(560,'30342848A80AF18000000016','660010112065','2014-05-04 02:59:51','2014-05-04 02:59:51',NULL),(561,'30342848A80AF18000000048','660010112065','2014-05-04 02:59:51','2014-05-04 02:59:51',NULL),(562,'30342848A80AF18000000042','660010112065','2014-05-04 02:59:51','2014-05-04 02:59:51',NULL),(563,'30342848A80AF18000000034','660010112065','2014-05-04 02:59:51','2014-05-04 02:59:51',NULL),(564,'30342848A80AF18000000018','660010112065','2014-05-04 02:59:51','2014-05-04 02:59:51',NULL),(565,'','660010112065','2014-05-04 02:59:51','2014-05-04 02:59:51',NULL),(566,'30342848A80AF1C00000002A','660010112072','2014-05-04 02:59:51','2014-05-04 02:59:51','2014-05-04 05:30:59'),(567,'30342848A80AF1C000000016','660010112072','2014-05-04 02:59:51','2014-05-04 02:59:51',NULL),(568,'30342848A80AF1C000000050','660010112072','2014-05-04 02:59:51','2014-05-04 02:59:51','2014-05-18 06:35:27'),(569,'30342848A80AF1C000000028','660010112072','2014-05-04 02:59:51','2014-05-04 02:59:51',NULL),(570,'30342848A80AF1C00000004C','660010112072','2014-05-04 02:59:51','2014-05-04 02:59:51','2014-05-18 03:29:40'),(571,'30342848A80AF1C000000031','660010112072','2014-05-04 02:59:51','2014-05-04 02:59:51',NULL),(572,'30342848A80AF1C000000027','660010112072','2014-05-04 02:59:51','2014-05-04 02:59:51',NULL),(573,'30342848A80AF1C000000040','660010112072','2014-05-04 02:59:51','2014-05-04 02:59:51',NULL),(574,'30342848A80AF1C000000022','660010112072','2014-05-04 02:59:52','2014-05-04 02:59:52',NULL),(575,'30342848A80AF1C00000000A','660010112072','2014-05-04 02:59:52','2014-05-04 02:59:52',NULL),(576,'30342848A80AF1C000000023','660010112072','2014-05-04 02:59:52','2014-05-04 02:59:52',NULL),(577,'30342848A80AF1C00000001D','660010112072','2014-05-04 02:59:52','2014-05-04 02:59:52','2014-05-04 05:33:53'),(578,'30342848A80AF1C00000003F','660010112072','2014-05-04 02:59:52','2014-05-04 02:59:52','2014-05-04 05:09:35'),(579,'30342848A80AF1C00000003D','660010112072','2014-05-04 02:59:52','2014-05-04 02:59:52',NULL),(580,'30342848A80AF1C000000005','660010112072','2014-05-04 02:59:52','2014-05-04 02:59:52',NULL),(581,'30342848A80AF1C000000039','660010112072','2014-05-04 02:59:52','2014-05-04 02:59:52',NULL),(582,'30342848A80AF1C00000000F','660010112072','2014-05-04 02:59:52','2014-05-04 02:59:52',NULL),(583,'30342848A80AF1C000000017','660010112072','2014-05-04 02:59:52','2014-05-04 02:59:52',NULL),(584,'30342848A80AF1C00000000B','660010112072','2014-05-04 02:59:52','2014-05-04 02:59:52',NULL),(585,'30342848A80AF1C000000024','660010112072','2014-05-04 02:59:52','2014-05-04 02:59:52',NULL),(586,'30342848A80AF1C00000004B','660010112072','2014-05-04 02:59:52','2014-05-04 02:59:52',NULL),(587,'30342848A80AF1C00000001A','660010112072','2014-05-04 02:59:52','2014-05-04 02:59:52',NULL),(588,'30342848A80AF1C000000009','660010112072','2014-05-04 02:59:52','2014-05-04 02:59:52',NULL),(589,'30342848A80AF1C000000034','660010112072','2014-05-04 02:59:52','2014-05-04 02:59:52',NULL),(590,'30342848A80AF1C000000002','660010112072','2014-05-04 02:59:52','2014-05-04 02:59:52','2014-05-04 04:59:32'),(591,'30342848A80AF1C000000014','660010112072','2014-05-04 02:59:52','2014-05-04 02:59:52',NULL),(592,'30342848A80AF1C00000001E','660010112072','2014-05-04 02:59:52','2014-05-04 02:59:52',NULL),(593,'30342848A80AF1C00000000E','660010112072','2014-05-04 02:59:52','2014-05-04 02:59:52',NULL),(594,'30342848A80AF1C00000001B','660010112072','2014-05-04 02:59:52','2014-05-04 02:59:52',NULL),(595,'30342848A80AF1C000000008','660010112072','2014-05-04 02:59:52','2014-05-04 02:59:52','2014-05-18 04:45:25'),(596,'30342848A80AF1C000000006','660010112072','2014-05-04 02:59:52','2014-05-04 02:59:52',NULL),(597,'30342848A80AF1C000000021','660010112072','2014-05-04 02:59:52','2014-05-04 02:59:52',NULL),(598,'30342848A80AF1C00000004F','660010112072','2014-05-04 02:59:52','2014-05-04 02:59:52',NULL),(599,'30342848A80AF1C00000002E','660010112072','2014-05-04 02:59:52','2014-05-04 02:59:52',NULL),(600,'30342848A80AF1C000000012','660010112072','2014-05-04 02:59:52','2014-05-04 02:59:52','2014-05-04 08:37:30'),(601,'30342848A80AF1C000000025','660010112072','2014-05-04 02:59:52','2014-05-04 02:59:52',NULL),(602,'30342848A80AF1C000000003','660010112072','2014-05-04 02:59:52','2014-05-04 02:59:52',NULL),(603,'30342848A80AF1C000000020','660010112072','2014-05-04 02:59:52','2014-05-04 02:59:52',NULL),(604,'30342848A80AF1C00000001F','660010112072','2014-05-04 02:59:53','2014-05-04 02:59:53',NULL),(605,'30342848A80AF1C000000026','660010112072','2014-05-04 02:59:53','2014-05-04 02:59:53',NULL),(606,'30342848A80AF1C00000002F','660010112072','2014-05-04 02:59:53','2014-05-04 02:59:53',NULL),(607,'30342848A80AF1C00000002C','660010112072','2014-05-04 02:59:53','2014-05-04 02:59:53',NULL),(608,'30342848A80AF1C000000033','660010112072','2014-05-04 02:59:53','2014-05-04 02:59:53',NULL),(609,'30342848A80AF1C000000004','660010112072','2014-05-04 02:59:53','2014-05-04 02:59:53',NULL),(610,'30342848A80AF1C000000018','660010112072','2014-05-04 02:59:53','2014-05-04 02:59:53','2014-05-04 04:01:50'),(611,'30342848A80AF1C00000002D','660010112072','2014-05-04 02:59:53','2014-05-04 02:59:53',NULL),(612,'30342848A80AF1C000000019','660010112072','2014-05-04 02:59:53','2014-05-04 02:59:53',NULL),(613,'30342848A80AF1C000000037','660010112072','2014-05-04 02:59:53','2014-05-04 02:59:53',NULL),(614,'30342848A80AF1C00000000C','660010112072','2014-05-04 02:59:53','2014-05-04 02:59:53',NULL),(615,'30342848A80AF1C000000013','660010112072','2014-05-04 02:59:53','2014-05-04 02:59:53',NULL),(616,'30342848A80AF1C000000043','660010112072','2014-05-04 02:59:53','2014-05-04 02:59:53','2014-05-18 05:46:36'),(617,'30342848A80AF1C000000047','660010112072','2014-05-04 02:59:53','2014-05-04 02:59:53',NULL),(618,'30342848A80AF1C000000015','660010112072','2014-05-04 02:59:53','2014-05-04 02:59:53',NULL),(619,'30342848A80AF1C000000046','660010112072','2014-05-04 02:59:53','2014-05-04 02:59:53',NULL),(620,'30342848A80AF1C000000029','660010112072','2014-05-04 02:59:53','2014-05-04 02:59:53',NULL),(621,'30342848A80AF1C000000036','660010112072','2014-05-04 02:59:53','2014-05-04 02:59:53',NULL),(622,'30342848A80AF1C000000042','660010112072','2014-05-04 02:59:53','2014-05-04 02:59:53','2014-05-18 06:35:27'),(623,'30342848A80AF1C000000048','660010112072','2014-05-04 02:59:53','2014-05-04 02:59:53',NULL),(624,'30342848A80AF1C000000030','660010112072','2014-05-04 02:59:53','2014-05-04 02:59:53',NULL),(625,'30342848A80AF1C00000002B','660010112072','2014-05-04 02:59:53','2014-05-04 02:59:53',NULL),(626,'30342848A80AF24000000002','660010112096','2014-05-04 02:59:53','2014-05-04 02:59:53',NULL),(627,'30342848A80AF24000000003','660010112096','2014-05-04 02:59:53','2014-05-04 02:59:53',NULL),(628,'30342848A80AF24000000004','660010112096','2014-05-04 02:59:53','2014-05-04 02:59:53',NULL),(629,'30342848A80AF28000000003','660010112102','2014-05-04 02:59:53','2014-05-04 02:59:53',NULL),(630,'30342848A80AA64000000028','660010112102','2014-05-04 02:59:53','2014-05-04 02:59:53',NULL),(631,'30342848A80AF28000000024','660010112102','2014-05-04 02:59:53','2014-05-04 02:59:53',NULL),(632,'30342848A80AF2800000001E','660010112102','2014-05-04 02:59:53','2014-05-04 02:59:53','2014-05-04 03:42:16'),(633,'30342848A80AF28000000012','660010112102','2014-05-04 02:59:53','2014-05-04 02:59:53',NULL),(634,'30342848A80AF28000000027','660010112102','2014-05-04 02:59:53','2014-05-04 02:59:53','2014-05-18 04:21:50'),(635,'30342848A80AF2800000001F','660010112102','2014-05-04 02:59:53','2014-05-04 02:59:53','2014-05-04 08:16:31'),(636,'30342848A80AF28000000020','660010112102','2014-05-04 02:59:53','2014-05-04 02:59:53',NULL),(637,'30342848A80AF2800000000C','660010112102','2014-05-04 02:59:53','2014-05-04 02:59:53',NULL),(638,'30342848A80AF28000000019','660010112102','2014-05-04 02:59:53','2014-05-04 02:59:53',NULL),(639,'30342848A80AF28000000021','660010112102','2014-05-04 02:59:54','2014-05-04 02:59:54',NULL),(640,'30342848A80AF28000000030','660010112102','2014-05-04 02:59:54','2014-05-04 02:59:54',NULL),(641,'30342848A80AF28000000014','660010112102','2014-05-04 02:59:54','2014-05-04 02:59:54',NULL),(642,'30342848A80AF2800000002A','660010112102','2014-05-04 02:59:54','2014-05-04 02:59:54','2014-05-04 03:42:16'),(643,'30342848A80AF28000000029','660010112102','2014-05-04 02:59:54','2014-05-04 02:59:54','2014-05-04 04:41:40'),(644,'30342848A80AF1C000000045','660010112102','2014-05-04 02:59:54','2014-05-04 02:59:54','2014-05-04 03:42:16'),(645,'30342848A80AF2800000002E','660010112102','2014-05-04 02:59:54','2014-05-04 02:59:54',NULL),(646,'30342848A80AF28000000022','660010112102','2014-05-04 02:59:54','2014-05-04 02:59:54','2014-05-18 06:03:52'),(647,'30342848A80AF28000000028','660010112102','2014-05-04 02:59:54','2014-05-04 02:59:54',NULL),(648,'30342848A80AF28000000025','660010112102','2014-05-04 02:59:54','2014-05-04 02:59:54',NULL),(649,'30342848A80B0CC000000003','660010112102','2014-05-04 02:59:54','2014-05-04 02:59:54','2014-05-04 03:14:37'),(650,'30342848A80AF2800000002B','660010112102','2014-05-04 02:59:54','2014-05-04 02:59:54',NULL),(651,'30342848A80AF28000000026','660010112102','2014-05-04 02:59:54','2014-05-04 02:59:54','2014-05-18 08:24:50'),(652,'30342848A80AF2800000002C','660010112102','2014-05-04 02:59:54','2014-05-04 02:59:54',NULL),(653,'30342848A80AF28000000023','660010112102','2014-05-04 02:59:54','2014-05-04 02:59:54',NULL),(654,'30342848A80AF4400000000C','660010112171','2014-05-04 02:59:54','2014-05-04 02:59:54',NULL),(655,'30342848A80AF4400000000D','660010112171','2014-05-04 02:59:54','2014-05-04 02:59:54',NULL),(656,'30342848A80AF44000000010','660010112171','2014-05-04 02:59:54','2014-05-04 02:59:54',NULL),(657,'30342848A80AF4400000000B','660010112171','2014-05-04 02:59:54','2014-05-04 02:59:54',NULL),(658,'30342848A80AF44000000003','660010112171','2014-05-04 02:59:54','2014-05-04 02:59:54',NULL),(659,'30342848A80AC08000000005','660010112171','2014-05-04 02:59:54','2014-05-04 02:59:54',NULL),(660,'30342848A80AF44000000004','660010112171','2014-05-04 02:59:54','2014-05-04 02:59:54','2014-05-18 05:56:39'),(661,'30342848A80AF4400000000F','660010112171','2014-05-04 02:59:54','2014-05-04 02:59:54','2014-05-18 05:26:50'),(662,'30342848A80AF44000000008','660010112171','2014-05-04 02:59:54','2014-05-04 02:59:54',NULL),(663,'30342848A80AF4400000000A','660010112171','2014-05-04 02:59:54','2014-05-04 02:59:54',NULL),(664,'30342848A80AF08000000016','660010112171','2014-05-04 02:59:54','2014-05-04 02:59:54','2014-05-04 03:13:13'),(665,'30342848A80AF44000000007','660010112171','2014-05-04 02:59:54','2014-05-04 02:59:54','2014-05-04 03:13:12'),(666,'30342848A80AF44000000011','660010112171','2014-05-04 02:59:54','2014-05-04 02:59:54',NULL),(667,'30342848A80AF44000000005','660010112171','2014-05-04 02:59:54','2014-05-04 02:59:54',NULL),(668,'30342848A80AF0800000001E','660010112171','2014-05-04 02:59:54','2014-05-04 02:59:54',NULL),(669,'30342848A80AF44000000009','660010112171','2014-05-04 02:59:55','2014-05-04 02:59:55',NULL),(670,'30342848A80AF44000000013','660010112171','2014-05-04 02:59:55','2014-05-04 02:59:55',NULL),(671,'30342848A80AF44000000006','660010112171','2014-05-04 02:59:55','2014-05-04 02:59:55','2014-05-04 06:07:47'),(672,'30342848A80AF44000000002','660010112171','2014-05-04 02:59:55','2014-05-04 02:59:55',NULL),(673,'30342848A80B094000000003','660010113017','2014-05-04 02:59:55','2014-05-04 02:59:55',NULL),(674,'30342848A80B094000000002','660010113017','2014-05-04 02:59:55','2014-05-04 02:59:55',NULL),(675,'30342848A80B098000000002','660010113024','2014-05-04 02:59:55','2014-05-04 02:59:55',NULL),(676,'30342848A80B098000000004','660010113024','2014-05-04 02:59:55','2014-05-04 02:59:55',NULL),(677,'30342848A80B098000000003','660010113024','2014-05-04 02:59:55','2014-05-04 02:59:55',NULL),(678,'30342848A80B0A8000000007','660010113031','2014-05-04 02:59:55','2014-05-04 02:59:55',NULL),(679,'30342848A80B0A8000000002','660010113031','2014-05-04 02:59:55','2014-05-04 02:59:55',NULL),(680,'30342848A80B0A8000000008','660010113031','2014-05-04 02:59:55','2014-05-04 02:59:55',NULL),(681,'30342848A80B0A8000000009','660010113031','2014-05-04 02:59:55','2014-05-04 02:59:55',NULL),(682,'30342848A80B0A8000000005','660010113031','2014-05-04 02:59:55','2014-05-04 02:59:55',NULL),(683,'30342848A80B0A8000000003','660010113031','2014-05-04 02:59:56','2014-05-04 02:59:56',NULL),(684,'30342848A80B0A8000000006','660010113031','2014-05-04 02:59:56','2014-05-04 02:59:56',NULL),(685,'30342848A80B0A800000000A','660010113031','2014-05-04 02:59:56','2014-05-04 02:59:56',NULL),(686,'30342848A80B09C00000000B','660010113031','2014-05-04 02:59:56','2014-05-04 02:59:56',NULL),(687,'30342848A80B0A8000000004','660010113031','2014-05-04 02:59:56','2014-05-04 02:59:56',NULL),(688,'30342848A80B0A0000000008','660010113048','2014-05-04 02:59:56','2014-05-04 02:59:56',NULL),(689,'30342848A80B0C4000000010','660010113048','2014-05-04 02:59:56','2014-05-04 02:59:56',NULL),(690,'30342848A80B0A000000000A','660010113048','2014-05-04 02:59:56','2014-05-04 02:59:56',NULL),(691,'30342848A80B0A0000000004','660010113048','2014-05-04 02:59:56','2014-05-04 02:59:56',NULL),(692,'30342848A80B0A0000000009','660010113048','2014-05-04 02:59:56','2014-05-04 02:59:56',NULL),(693,'30342848A80B0A0000000003','660010113048','2014-05-04 02:59:56','2014-05-04 02:59:56',NULL),(694,'30342848A80B0A0000000007','660010113048','2014-05-04 02:59:56','2014-05-04 02:59:56',NULL),(695,'30342848A80B0A000000000B','660010113048','2014-05-04 02:59:56','2014-05-04 02:59:56',NULL),(696,'30342848A80B0A0000000006','660010113048','2014-05-04 02:59:56','2014-05-04 02:59:56',NULL),(697,'30342848A80B0A0000000005','660010113048','2014-05-04 02:59:56','2014-05-04 02:59:56',NULL),(698,'30342848A80B0A0000000002','660010113048','2014-05-04 02:59:56','2014-05-04 02:59:56',NULL),(699,'30342848A80B0A4000000006','660010113055','2014-05-04 02:59:56','2014-05-04 02:59:56',NULL),(700,'30342848A80B0A4000000005','660010113055','2014-05-04 02:59:56','2014-05-04 02:59:56',NULL),(701,'30342848A80B0A4000000004','660010113055','2014-05-04 02:59:56','2014-05-04 02:59:56',NULL),(702,'30342848A80B0A4000000002','660010113055','2014-05-04 02:59:56','2014-05-04 02:59:56',NULL),(703,'30342848A80B0A4000000003','660010113055','2014-05-04 02:59:56','2014-05-04 02:59:56','2014-05-04 03:14:36'),(704,'30342848A80B09C00000000A','660010113062','2014-05-04 02:59:56','2014-05-04 02:59:56',NULL),(705,'30342848A80B09C000000004','660010113062','2014-05-04 02:59:56','2014-05-04 02:59:56',NULL),(706,'30342848A80B09C000000006','660010113062','2014-05-04 02:59:56','2014-05-04 02:59:56',NULL),(707,'30342848A80B09C000000003','660010113062','2014-05-04 02:59:56','2014-05-04 02:59:56','2014-05-04 03:14:36'),(708,'30342848A80B09C000000002','660010113062','2014-05-04 02:59:56','2014-05-04 02:59:56',NULL),(709,'30342848A80B09C000000005','660010113062','2014-05-04 02:59:56','2014-05-04 02:59:56',NULL),(710,'30342848A80B09C000000008','660010113062','2014-05-04 02:59:57','2014-05-04 02:59:57',NULL),(711,'30342848A80B09C000000009','660010113062','2014-05-04 02:59:57','2014-05-04 02:59:57',NULL),(712,'30342848A80B0AC000000007','660010113079','2014-05-04 02:59:57','2014-05-04 02:59:57',NULL),(713,'30342848A80AF1C000000049','660010113079','2014-05-04 02:59:57','2014-05-04 02:59:57','2014-05-04 03:14:36'),(714,'30342848A80B0AC000000004','660010113079','2014-05-04 02:59:57','2014-05-04 02:59:57',NULL),(715,'30342848A80B0AC000000002','660010113079','2014-05-04 02:59:57','2014-05-04 02:59:57',NULL),(716,'30342848A80B0AC000000003','660010113079','2014-05-04 02:59:57','2014-05-04 02:59:57',NULL),(717,'30342848A80AF1C000000011','660010113086','2014-05-04 02:59:57','2014-05-04 02:59:57',NULL),(718,'30342848A80AF1C00000003C','660010113086','2014-05-04 02:59:57','2014-05-04 02:59:57','2014-05-04 03:14:36'),(719,'30342848A80B0B0000000007','660010113086','2014-05-04 02:59:57','2014-05-04 02:59:57',NULL),(720,'30342848A80B0B0000000003','660010113086','2014-05-04 02:59:57','2014-05-04 02:59:57','2014-05-18 05:24:30'),(721,'30342848A80B0B0000000006','660010113086','2014-05-04 02:59:57','2014-05-04 02:59:57',NULL),(722,'30342848A80B0B000000000A','660010113086','2014-05-04 02:59:57','2014-05-04 02:59:57',NULL),(723,'30342848A80B0B0000000009','660010113086','2014-05-04 02:59:57','2014-05-04 02:59:57','2014-05-18 04:45:04'),(724,'30342848A80B0B0000000008','660010113086','2014-05-04 02:59:57','2014-05-04 02:59:57',NULL),(725,'30342848A80B0B0000000004','660010113086','2014-05-04 02:59:57','2014-05-04 02:59:57','2014-05-18 05:43:45'),(726,'30342848A80B0B0000000002','660010113086','2014-05-04 02:59:57','2014-05-04 02:59:57',NULL),(727,'30342848A80B0B400000001F','660010113093','2014-05-04 02:59:57','2014-05-04 02:59:57',NULL),(728,'30342848A80B0B4000000013','660010113093','2014-05-04 02:59:57','2014-05-04 02:59:57',NULL),(729,'30342848A80B0B4000000021','660010113093','2014-05-04 02:59:57','2014-05-04 02:59:57',NULL),(730,'30342848A80AA54000000020','660010113093','2014-05-04 02:59:57','2014-05-04 02:59:57','2014-05-04 03:14:37'),(731,'30342848A80B0B4000000010','660010113093','2014-05-04 02:59:57','2014-05-04 02:59:57',NULL),(732,'30342848A80B0B4000000025','660010113093','2014-05-04 02:59:57','2014-05-04 02:59:57',NULL),(733,'30342848A80B0B4000000024','660010113093','2014-05-04 02:59:57','2014-05-04 02:59:57','2014-05-04 03:14:37'),(734,'30342848A80B0B4000000005','660010113093','2014-05-04 02:59:57','2014-05-04 02:59:57',NULL),(735,'30342848A80B0B4000000020','660010113093','2014-05-04 02:59:57','2014-05-04 02:59:57',NULL),(736,'30342848A80B0B4000000012','660010113093','2014-05-04 02:59:57','2014-05-04 02:59:57',NULL),(737,'30342848A80B0B4000000023','660010113093','2014-05-04 02:59:57','2014-05-04 02:59:57','2014-05-04 03:14:36'),(738,'30342848A80B0B4000000004','660010113093','2014-05-04 02:59:57','2014-05-04 02:59:57',NULL),(739,'30342848A80B0B400000001B','660010113093','2014-05-04 02:59:57','2014-05-04 02:59:57',NULL),(740,'30342848A80B0B400000000B','660010113093','2014-05-04 02:59:58','2014-05-04 02:59:58',NULL),(741,'30342848A80B0B4000000008','660010113093','2014-05-04 02:59:58','2014-05-04 02:59:58',NULL),(742,'30342848A80B0B4000000022','660010113093','2014-05-04 02:59:58','2014-05-04 02:59:58',NULL),(743,'30342848A80B0B4000000018','660010113093','2014-05-04 02:59:58','2014-05-04 02:59:58',NULL),(744,'30342848A80B0B400000001A','660010113093','2014-05-04 02:59:58','2014-05-04 02:59:58',NULL),(745,'30342848A80B0B400000000E','660010113093','2014-05-04 02:59:58','2014-05-04 02:59:58',NULL),(746,'30342848A80B0B4000000009','660010113093','2014-05-04 02:59:58','2014-05-04 02:59:58',NULL),(747,'30342848A80B0B4000000015','660010113093','2014-05-04 02:59:58','2014-05-04 02:59:58','2014-05-04 03:14:37'),(748,'30342848A80B0B4000000002','660010113093','2014-05-04 02:59:58','2014-05-04 02:59:58',NULL),(749,'30342848A80B0B4000000007','660010113093','2014-05-04 02:59:58','2014-05-04 02:59:58','2014-05-04 03:14:38'),(750,'30342848A80B0B400000000D','660010113093','2014-05-04 02:59:58','2014-05-04 02:59:58',NULL),(751,'30342848A80B0B4000000019','660010113093','2014-05-04 02:59:58','2014-05-04 02:59:58',NULL),(752,'30342848A80B0CC000000006','660010113109','2014-05-04 02:59:58','2014-05-04 02:59:58',NULL),(753,'30342848A80B0CC000000004','660010113109','2014-05-04 02:59:58','2014-05-04 02:59:58',NULL),(754,'30342848A80B0B8000000003','660010113109','2014-05-04 02:59:58','2014-05-04 02:59:58',NULL),(755,'30342848A80B0B8000000005','660010113109','2014-05-04 02:59:59','2014-05-04 02:59:59',NULL),(756,'30342848A80B0B8000000004','660010113109','2014-05-04 02:59:59','2014-05-04 02:59:59','2014-05-04 03:14:36'),(757,'30342848A80B0B8000000002','660010113109','2014-05-04 02:59:59','2014-05-04 02:59:59',NULL),(758,'30342848A80B0CC000000005','660010113109','2014-05-04 02:59:59','2014-05-04 02:59:59',NULL),(759,'30342848A80B0BC00000000E','660010113116','2014-05-04 02:59:59','2014-05-04 02:59:59',NULL),(760,'30342848A80B0BC00000000B','660010113116','2014-05-04 02:59:59','2014-05-04 02:59:59',NULL),(761,'30342848A80B0BC00000000F','660010113116','2014-05-04 02:59:59','2014-05-04 02:59:59',NULL),(762,'30342848A80B0BC000000007','660010113116','2014-05-04 02:59:59','2014-05-04 02:59:59',NULL),(763,'30342848A80B0BC000000010','660010113116','2014-05-04 02:59:59','2014-05-04 02:59:59',NULL),(764,'30342848A80B0BC000000002','660010113116','2014-05-04 02:59:59','2014-05-04 02:59:59',NULL),(765,'30342848A80B0BC000000003','660010113116','2014-05-04 02:59:59','2014-05-04 02:59:59',NULL),(766,'30342848A80B0BC000000005','660010113116','2014-05-04 02:59:59','2014-05-04 02:59:59',NULL),(767,'30342848A80B0BC00000000C','660010113116','2014-05-04 02:59:59','2014-05-04 02:59:59',NULL),(768,'30342848A80B0BC000000006','660010113116','2014-05-04 02:59:59','2014-05-04 02:59:59','2014-05-18 05:42:23'),(769,'30342848A80B0BC000000009','660010113116','2014-05-04 02:59:59','2014-05-04 02:59:59',NULL),(770,'30342848A80B0BC00000000A','660010113116','2014-05-04 02:59:59','2014-05-04 02:59:59',NULL),(771,'30342848A80B0BC000000011','660010113116','2014-05-04 02:59:59','2014-05-04 02:59:59',NULL),(772,'30342848A80B0BC00000000D','660010113116','2014-05-04 02:59:59','2014-05-04 02:59:59',NULL),(773,'30342848A80B0BC000000004','660010113116','2014-05-04 02:59:59','2014-05-04 02:59:59',NULL),(774,'30342848A80B0BC000000008','660010113116','2014-05-04 02:59:59','2014-05-04 02:59:59',NULL),(775,'30342848A80B0C000000000C','660010113123','2014-05-04 02:59:59','2014-05-04 02:59:59','2014-05-18 05:36:40'),(776,'30342848A80B0C0000000003','660010113123','2014-05-04 02:59:59','2014-05-04 02:59:59',NULL),(777,'30342848A80B0C0000000010','660010113123','2014-05-04 02:59:59','2014-05-04 02:59:59',NULL),(778,'30342848A80B0C0000000002','660010113123','2014-05-04 02:59:59','2014-05-04 02:59:59','2014-05-18 05:43:47'),(779,'30342848A80B0C0000000006','660010113123','2014-05-04 02:59:59','2014-05-04 02:59:59',NULL),(780,'30342848A80B0C0000000009','660010113123','2014-05-04 02:59:59','2014-05-04 02:59:59',NULL),(781,'30342848A80B0C0000000012','660010113123','2014-05-04 02:59:59','2014-05-04 02:59:59',NULL),(782,'30342848A80AA60000000029','660010113123','2014-05-04 02:59:59','2014-05-04 02:59:59','2014-05-04 03:14:36'),(783,'30342848A80AA58000000007','660010113123','2014-05-04 02:59:59','2014-05-04 02:59:59',NULL),(784,'30342848A80B0C000000000F','660010113123','2014-05-04 02:59:59','2014-05-04 02:59:59',NULL),(785,'30342848A80B0C0000000007','660010113123','2014-05-04 02:59:59','2014-05-04 02:59:59',NULL),(786,'30342848A80B0C0000000005','660010113123','2014-05-04 02:59:59','2014-05-04 02:59:59',NULL),(787,'30342848A80B0C000000000B','660010113123','2014-05-04 02:59:59','2014-05-04 02:59:59',NULL),(788,'30342848A80B0C0000000004','660010113123','2014-05-04 03:00:00','2014-05-04 03:00:00',NULL),(789,'30342848A80B0C0000000008','660010113123','2014-05-04 03:00:00','2014-05-04 03:00:00',NULL),(790,'30342848A80B0C000000000E','660010113123','2014-05-04 03:00:00','2014-05-04 03:00:00',NULL),(791,'30342848A80B0C000000000D','660010113123','2014-05-04 03:00:00','2014-05-04 03:00:00','2014-05-04 04:24:42'),(792,'30342848A80B0C0000000011','660010113123','2014-05-04 03:00:00','2014-05-04 03:00:00',NULL),(793,'30342848A80B0C400000000D','660010113130','2014-05-04 03:00:00','2014-05-04 03:00:00',NULL),(794,'30342848A80B0C4000000013','660010113130','2014-05-04 03:00:00','2014-05-04 03:00:00',NULL),(795,'30342848A80AF1C000000035','660010113130','2014-05-04 03:00:00','2014-05-04 03:00:00',NULL),(796,'30342848A80B0C4000000015','660010113130','2014-05-04 03:00:00','2014-05-04 03:00:00','2014-05-04 05:16:33'),(797,'30342848A80B0C4000000007','660010113130','2014-05-04 03:00:00','2014-05-04 03:00:00',NULL),(798,'30342848A80B0C4000000002','660010113130','2014-05-04 03:00:00','2014-05-04 03:00:00',NULL),(799,'30342848A80B0C4000000003','660010113130','2014-05-04 03:00:00','2014-05-04 03:00:00',NULL),(800,'30342848A80B0C4000000014','660010113130','2014-05-04 03:00:00','2014-05-04 03:00:00',NULL),(801,'30342848A80B0C4000000017','660010113130','2014-05-04 03:00:00','2014-05-04 03:00:00',NULL),(802,'30342848A80B0C400000000E','660010113130','2014-05-04 03:00:00','2014-05-04 03:00:00',NULL),(803,'30342848A80B0C4000000019','660010113130','2014-05-04 03:00:00','2014-05-04 03:00:00',NULL),(804,'30342848A80AF1C000000032','660010113130','2014-05-04 03:00:00','2014-05-04 03:00:00',NULL),(805,'30342848A80B0C4000000009','660010113130','2014-05-04 03:00:00','2014-05-04 03:00:00','2014-05-04 03:14:37'),(806,'30342848A80B0C4000000018','660010113130','2014-05-04 03:00:00','2014-05-04 03:00:00',NULL),(807,'30342848A80B0C400000001A','660010113130','2014-05-04 03:00:00','2014-05-04 03:00:00',NULL),(808,'30342848A80AF1C00000003B','660010113130','2014-05-04 03:00:00','2014-05-04 03:00:00','2014-05-04 03:02:54'),(809,'30342848A80B0C4000000008','660010113130','2014-05-04 03:00:00','2014-05-04 03:00:00','2014-05-04 04:51:03'),(810,'30342848A80B0C4000000004','660010113130','2014-05-04 03:00:00','2014-05-04 03:00:00',NULL),(811,'30342848A80B0C4000000011','660010113130','2014-05-04 03:00:00','2014-05-04 03:00:00',NULL),(812,'30342848A80B0C4000000006','660010113130','2014-05-04 03:00:00','2014-05-04 03:00:00',NULL),(813,'30342848A80B0C8000000005','660010113147','2014-05-04 03:00:00','2014-05-04 03:00:00',NULL),(814,'30342848A80B0C8000000003','660010113147','2014-05-04 03:00:00','2014-05-04 03:00:00','2014-05-04 03:14:38'),(815,'30342848A80B0C8000000002','660010113147','2014-05-04 03:00:00','2014-05-04 03:00:00',NULL),(816,'30342848A80B0C8000000006','660010113147','2014-05-04 03:00:00','2014-05-04 03:00:00',NULL),(817,'30342848A80B3B400000000B','660010115011','2014-05-04 03:00:00','2014-05-04 03:00:00',NULL),(818,'30342848A80AA60000000028','660010115011','2014-05-04 03:00:00','2014-05-04 03:00:00',NULL),(819,'30342848A80B3B4000000008','660010115011','2014-05-04 03:00:00','2014-05-04 03:00:00',NULL),(820,'30342848A80B3B4000000009','660010115011','2014-05-04 03:00:00','2014-05-04 03:00:00',NULL),(821,'30342848A80B3B4000000003','660010115011','2014-05-04 03:00:01','2014-05-04 03:00:01',NULL),(822,'30342848A80B3B4000000007','660010115011','2014-05-04 03:00:01','2014-05-04 03:00:01',NULL),(823,'30342848A80B3B4000000002','660010115011','2014-05-04 03:00:01','2014-05-04 03:00:01',NULL),(824,'30342848A80B3B400000000A','660010115011','2014-05-04 03:00:01','2014-05-04 03:00:01',NULL),(825,'30342848A80B3B4000000006','660010115011','2014-05-04 03:00:01','2014-05-04 03:00:01',NULL),(826,'30342848A80B3B400000000E','660010115011','2014-05-04 03:00:01','2014-05-04 03:00:01',NULL),(827,'30342848A80B3B4000000005','660010115011','2014-05-04 03:00:01','2014-05-04 03:00:01',NULL),(828,'30342848A80B3B4000000004','660010115011','2014-05-04 03:00:01','2014-05-04 03:00:01',NULL),(829,'30342848A80B3B8000000002','660010115028','2014-05-04 03:00:01','2014-05-04 03:00:01',NULL),(830,'30342848A80B3B8000000003','660010115028','2014-05-04 03:00:01','2014-05-04 03:00:01',NULL),(831,'30342848A80B0B4000000026','660010115028','2014-05-04 03:00:01','2014-05-04 03:00:01',NULL),(832,'30342848A80B3B8000000005','660010115028','2014-05-04 03:00:01','2014-05-04 03:00:01',NULL),(833,'30342848A80B3B8000000004','660010115028','2014-05-04 03:00:01','2014-05-04 03:00:01',NULL),(834,'30342848A80A8D4000000003','660010118128','2014-05-04 03:00:01','2014-05-04 03:00:01',NULL),(835,'30342848A80A8D4000000004','660010118128','2014-05-04 03:00:01','2014-05-04 03:00:01',NULL),(836,'30342848A80AA64000000047','660010118128','2014-05-04 03:00:01','2014-05-04 03:00:01',NULL);
/*!40000 ALTER TABLE `tags_mappings` ENABLE KEYS */;
UNLOCK TABLES;

--
-- Table structure for table `users`
--

DROP TABLE IF EXISTS `users`;
/*!40101 SET @saved_cs_client     = @@character_set_client */;
/*!40101 SET character_set_client = utf8 */;
CREATE TABLE `users` (
  `id` int(10) unsigned NOT NULL AUTO_INCREMENT,
  `username` varchar(255) COLLATE utf8_unicode_ci NOT NULL,
  `password` varchar(255) COLLATE utf8_unicode_ci NOT NULL,
  `remember_token` varchar(100) COLLATE utf8_unicode_ci NOT NULL,
  `created_at` timestamp NOT NULL DEFAULT '0000-00-00 00:00:00',
  `updated_at` timestamp NOT NULL DEFAULT '0000-00-00 00:00:00',
  PRIMARY KEY (`id`),
  UNIQUE KEY `users_username_unique` (`username`)
) ENGINE=InnoDB AUTO_INCREMENT=2 DEFAULT CHARSET=utf8 COLLATE=utf8_unicode_ci;
/*!40101 SET character_set_client = @saved_cs_client */;

--
-- Dumping data for table `users`
--

LOCK TABLES `users` WRITE;
/*!40000 ALTER TABLE `users` DISABLE KEYS */;
INSERT INTO `users` VALUES (1,'admin','$2y$10$8wqWw.Fpu3lIfFIoZPymSer3vtwTNLj8UV.ho8a1a4Szm/HLavN.G','hf4gm8hSlu5vfZd5DO9Oz6I1ZxQeklRszZwth8fNwWlCqoZZxTk9kKpcSw7F','2014-04-26 16:54:36','2014-04-26 20:12:55');
/*!40000 ALTER TABLE `users` ENABLE KEYS */;
UNLOCK TABLES;
/*!40103 SET TIME_ZONE=@OLD_TIME_ZONE */;

/*!40101 SET SQL_MODE=@OLD_SQL_MODE */;
/*!40014 SET FOREIGN_KEY_CHECKS=@OLD_FOREIGN_KEY_CHECKS */;
/*!40014 SET UNIQUE_CHECKS=@OLD_UNIQUE_CHECKS */;
/*!40101 SET CHARACTER_SET_CLIENT=@OLD_CHARACTER_SET_CLIENT */;
/*!40101 SET CHARACTER_SET_RESULTS=@OLD_CHARACTER_SET_RESULTS */;
/*!40101 SET COLLATION_CONNECTION=@OLD_COLLATION_CONNECTION */;
/*!40111 SET SQL_NOTES=@OLD_SQL_NOTES */;

-- Dump completed on 2014-05-19 18:20:27
